Patient_ID,Modality_Category,File_Name,File_Path,File_Size_MB,Width,Height,Depth,Spacing_X,Spacing_Y,Spacing_Z,Voxel_Volume_mm3,Data_Type,Orientation,QForm_Code,SForm_Code,Affine_Matrix,Min_Intensity,Max_Intensity,Mean_Intensity,Median_Intensity,Std_Intensity,Variance,Dynamic_Range,Contrast,Entropy,Sharpness,Edge_Strength,Noise_Estimate,SNR,FG_BG_Ratio,FG_Voxel_Count,BG_Voxel_Count
SP2,T1W,S82020_eT1W_TSE_CLEAR_20260303133117_702_i00001.nii.gz,C:\Users\Adil\Desktop\yugma\training_data_spine\Normal Spine MRI Datasets\SP2\S82020_eT1W_TSE_CLEAR_20260303133117_702_i00001.nii.gz,0.184,224,224,3,0.714,0.714,4.4,2.245,int16,LAS,1,1,"[[-0.71, 0.0, -0.13, 80.28], [-0.01, 0.65, 1.81, -134.42], [-0.02, -0.29, 4.01, -411.42], [0.0, 0.0, 0.0, 1.0]]",0.0,2337.93,756.77,639.77,429.75,184682.27,2337.93,0.5679,7.2137,0.00538,0.247381,0.0,75677191.1621,75677191.1621,150183,345
SP2,T1W,S82020_eT1W_TSE_CLEAR_20260303133117_702_i00004.nii.gz,C:\Users\Adil\Desktop\yugma\training_data_spine\Normal Spine MRI Datasets\SP2\S82020_eT1W_TSE_CLEAR_20260303133117_702_i00004.nii.gz,0.246,224,224,4,0.714,0.714,4.4,2.245,int16,LAS,1,1,"[[-0.71, 0.0, -0.14, 80.51], [-0.0, 0.7, 0.93, -129.76], [-0.02, -0.15, 4.3, -404.99], [0.0, 0.0, 0.0, 1.0]]",0.0,1976.58,761.79,697.03,411.57,169390.31,1976.58,0.5403,7.4985,0.007088,0.289633,0.0,76178814.6973,76178814.6973,200401,303
SP2,T1W,S82020_eT1W_TSE_CLEAR_20260303133117_702_i00008.nii.gz,C:\Users\Adil\Desktop\yugma\training_data_spine\Normal Spine MRI Datasets\SP2\S82020_eT1W_TSE_CLEAR_20260303133117_702_i00008.nii.gz,0.245,224,224,4,0.714,0.714,4.4,2.245,int16,LAS,1,1,"[[-0.71, 0.0, -0.15, 80.29], [0.0, 0.71, 0.08, -126.43], [-0.02, -0.01, 4.4, -391.19], [0.0, 0.0, 0.0, 1.0]]",0.0,2055.56,684.76,586.46,395.69,156572.33,2055.56,0.5779,7.3656,0.006874,0.267174,0.0,68475964.3555,68475964.3555,200485,219
SP2,T1W,S82020_eT1W_TSE_CLEAR_20260303133117_702_i00012.nii.gz,C:\Users\Adil\Desktop\yugma\training_data_spine\Normal Spine MRI Datasets\SP2\S82020_eT1W_TSE_CLEAR_20260303133117_702_i00012.nii.gz,0.184,224,224,3,0.714,0.714,4.4,2.245,int16,LAS,1,1,"[[-0.71, 0.0, -0.19, 80.32], [0.0, 0.71, -0.35, -130.15], [-0.03, 0.06, 4.38, -366.01], [0.0, 0.0, 0.0, 1.0]]",0.0,2284.62,645.21,541.04,418.16,174861.38,2284.62,0.6481,7.1977,0.006131,0.23124,0.0,64520666.5039,64520666.5039,149802,726
SP2,T1W,S82020_eT1W_TSE_CLEAR_20260303133117_702_i00015.nii.gz,C:\Users\Adil\Desktop\yugma\training_data_spine\Normal Spine MRI Datasets\SP2\S82020_eT1W_TSE_CLEAR_20260303133117_702_i00015.nii.gz,0.179,224,224,3,0.714,0.714,4.4,2.245,int16,LAS,1,1,"[[-0.71, 0.0, -0.19, 78.1], [0.01, 0.71, -0.63, -135.26], [-0.03, 0.1, 4.35, -339.83], [0.0, 0.0, 0.0, 1.0]]",0.0,2097.03,584.72,531.17,369.22,136321.89,2097.03,0.6314,6.9871,0.006922,0.240492,0.0,58472326.6602,58472326.6602,149914,614
SP2,T1W,S82020_eT1W_TSE_CLEAR_20260303133117_702_i00018.nii.gz,C:\Users\Adil\Desktop\yugma\training_data_spine\Normal Spine MRI Datasets\SP2\S82020_eT1W_TSE_CLEAR_20260303133117_702_i00018.nii.gz,0.117,224,224,2,0.714,0.714,4.4,2.245,int16,LAS,1,1,"[[-0.71, 0.0, -0.19, 75.52], [0.01, 0.71, -0.67, -142.75], [-0.03, 0.11, 4.35, -306.49], [0.0, 0.0, 0.0, 1.0]]",0.0,2118.75,568.52,503.52,373.52,139519.64,2118.75,0.657,6.8419,0.007191,0.226632,0.0,56851837.1582,56851837.1582,99958,394
SP2,T2W,S82020_eT2W_TSE_DRIVE_HR_20260303133117_602_i00001.nii.gz,C:\Users\Adil\Desktop\yugma\training_data_spine\Normal Spine MRI Datasets\SP2\S82020_eT2W_TSE_DRIVE_HR_20260303133117_602_i00001.nii.gz,0.273,288,288,3,0.556,0.556,4.4,1.358,int16,LAS,1,1,"[[-0.56, 0.0, -0.13, 80.36], [-0.01, 0.51, 1.81, -134.49], [-0.02, -0.23, 4.01, -411.39], [0.0, 0.0, 0.0, 1.0]]",0.0,2406.17,888.3,843.54,625.33,391039.91,2406.17,0.704,7.5065,0.007107,0.304544,0.0,88830352.7832,88830352.7832,247517,1315
SP2,T2W,S82020_eT2W_TSE_DRIVE_HR_20260303133117_602_i00004.nii.gz,C:\Users\Adil\Desktop\yugma\training_data_spine\Normal Spine MRI Datasets\SP2\S82020_eT2W_TSE_DRIVE_HR_20260303133117_602_i00004.nii.gz,0.363,288,288,4,0.556,0.556,4.4,1.358,int16,LAS,1,1,"[[-0.56, 0.0, -0.14, 80.59], [-0.0, 0.54, 0.93, -129.83], [-0.02, -0.12, 4.3, -404.97], [0.0, 0.0, 0.0, 1.0]]",0.0,2807.2,895.42,912.69,612.26,374863.12,2807.2,0.6838,7.2133,0.0073,0.299557,0.0,89541601.5625,89541601.5625,330864,912
SP2,T2W,S82020_eT2W_TSE_DRIVE_HR_20260303133117_602_i00012.nii.gz,C:\Users\Adil\Desktop\yugma\training_data_spine\Normal Spine MRI Datasets\SP2\S82020_eT2W_TSE_DRIVE_HR_20260303133117_602_i00012.nii.gz,0.272,288,288,3,0.556,0.556,4.4,1.358,int16,LAS,1,1,"[[-0.56, 0.0, -0.19, 80.4], [0.0, 0.55, -0.35, -130.23], [-0.02, 0.04, 4.38, -366.02], [0.0, 0.0, 0.0, 1.0]]",0.0,2719.62,746.67,622.29,590.79,349032.5,2719.62,0.7912,7.3207,0.007268,0.277303,0.0,74667358.3984,74667358.3984,246890,1942
SP2,T2W,S82020_eT2W_TSE_DRIVE_HR_20260303133117_602_i00008.nii.gz,C:\Users\Adil\Desktop\yugma\training_data_spine\Normal Spine MRI Datasets\SP2\S82020_eT2W_TSE_DRIVE_HR_20260303133117_602_i00008.nii.gz,0.363,288,288,4,0.556,0.556,4.4,1.358,int16,LAS,1,1,"[[-0.56, 0.0, -0.15, 80.37], [0.0, 0.56, 0.08, -126.51], [-0.02, -0.01, 4.4, -391.19], [0.0, 0.0, 0.0, 1.0]]",0.0,2664.3,808.27,719.09,598.7,358436.16,2664.3,0.7407,7.314,0.007466,0.293264,0.0,80827429.1992,80827429.1992,330271,1505
SP2,T2W,S82020_eT2W_TSE_DRIVE_HR_20260303133117_602_i00018.nii.gz,C:\Users\Adil\Desktop\yugma\training_data_spine\Normal Spine MRI Datasets\SP2\S82020_eT2W_TSE_DRIVE_HR_20260303133117_602_i00018.nii.gz,0.173,288,288,2,0.556,0.556,4.4,1.358,int16,LAS,1,1,"[[-0.56, 0.0, -0.19, 75.59], [0.0, 0.55, -0.67, -142.83], [-0.02, 0.08, 4.35, -306.5], [0.0, 0.0, 0.0, 1.0]]",0.0,2880.95,632.76,553.14,479.7,230113.33,2880.95,0.7581,6.9543,0.006895,0.253407,0.0,63276013.1836,63276013.1836,164122,1766
SP2,T2W,S82020_eT2W_TSE_DRIVE_HR_20260303133117_602_i00015.nii.gz,C:\Users\Adil\Desktop\yugma\training_data_spine\Normal Spine MRI Datasets\SP2\S82020_eT2W_TSE_DRIVE_HR_20260303133117_602_i00015.nii.gz,0.266,288,288,3,0.556,0.556,4.4,1.358,int16,LAS,1,1,"[[-0.56, 0.0, -0.19, 78.18], [0.0, 0.55, -0.63, -135.34], [-0.02, 0.08, 4.35, -339.84], [0.0, 0.0, 0.0, 1.0]]",0.0,2894.78,689.45,649.94,513.13,263299.91,2894.78,0.7443,7.0803,0.00802,0.2881,0.0,68944873.0469,68944873.0469,245859,2973
SP3,T1W,S82021_eT1W_TSE_CLEAR_20260303142846_702_i00007.nii.gz,C:\Users\Adil\Desktop\yugma\training_data_spine\Normal Spine MRI Datasets\SP3\S82021_eT1W_TSE_CLEAR_20260303142846_702_i00007.nii.gz,0.079,256,256,1,0.781,0.781,4.4,2.686,int16,LAS,1,1,"[[-0.78, -0.02, -0.04, 92.07], [-0.02, 0.73, 1.61, -125.57], [-0.0, -0.29, 4.09, -395.5], [0.0, 0.0, 0.0, 1.0]]",0.0,2646.34,681.76,593.51,504.58,254598.12,2646.34,0.7401,7.2483,0.005185,0.216396,0.0,68176135.2539,68176135.2539,64750,786
SP3,T1W,S82021_eT1W_TSE_CLEAR_20260303142846_702_i00001.nii.gz,C:\Users\Adil\Desktop\yugma\training_data_spine\Normal Spine MRI Datasets\SP3\S82021_eT1W_TSE_CLEAR_20260303142846_702_i00001.nii.gz,0.162,256,256,2,0.781,0.781,13.2,8.057,int16,LSP,1,1,"[[-0.78, 0.02, 0.16, 87.9], [-0.02, -0.54, -9.5, 29.98], [0.01, 0.56, -9.17, -517.4], [0.0, 0.0, 0.0, 1.0]]",0.0,2408.93,848.58,807.63,469.88,220791.05,2408.93,0.5537,7.4567,0.007879,0.263477,0.0,84858496.0938,84858496.0938,130005,1067
SP3,T1W,S82021_eT1W_TSE_CLEAR_20260303142846_702_i00010.nii.gz,C:\Users\Adil\Desktop\yugma\training_data_spine\Normal Spine MRI Datasets\SP3\S82021_eT1W_TSE_CLEAR_20260303142846_702_i00010.nii.gz,0.077,256,256,1,0.781,0.781,4.4,2.686,int16,LAS,1,1,"[[-0.78, -0.01, -0.04, 90.1], [-0.02, 0.77, 0.72, -126.33], [-0.01, -0.13, 4.34, -386.93], [0.0, 0.0, 0.0, 1.0]]",0.0,2162.22,723.02,619.11,558.83,312294.19,2162.22,0.7729,7.3899,0.011143,0.261268,0.0,72301873.7793,72301873.7793,65229,307
SP2,T1W,S82020_T1W_TSE_sag_20260303133117_501.nii.gz,C:\Users\Adil\Desktop\yugma\training_data_spine\Normal Spine MRI Datasets\SP2\S82020_T1W_TSE_sag_20260303133117_501.nii.gz,1.918,448,448,14,0.789,0.789,3.85,2.4,int16,PSR,1,1,"[[0.0, -0.02, 3.85, -18.76], [-0.79, 0.0, 0.0, 122.73], [0.0, 0.79, 0.12, -573.0], [0.0, 0.0, 0.0, 1.0]]",0.0,2295.73,720.7,649.58,429.98,184878.5,2295.73,0.5966,7.299,0.002955,0.149041,0.0,72069891.3574,72069891.3574,1423791,1386065
SP3,T1W,S82021_eT1W_TSE_CLEAR_20260303142846_702_i00013.nii.gz,C:\Users\Adil\Desktop\yugma\training_data_spine\Normal Spine MRI Datasets\SP3\S82021_eT1W_TSE_CLEAR_20260303142846_702_i00013.nii.gz,0.076,256,256,1,0.781,0.781,4.4,2.686,int16,LAS,1,1,"[[-0.78, -0.01, -0.04, 90.78], [-0.01, 0.78, -0.38, -130.14], [-0.01, 0.07, 4.38, -381.71], [0.0, 0.0, 0.0, 1.0]]",0.0,2308.85,682.22,591.18,550.16,302674.41,2308.85,0.8064,7.2217,0.00964,0.236765,0.0,68222009.2773,68222009.2773,64971,565
SP3,T1W,S82021_eT1W_TSE_CLEAR_20260303142846_702_i00016.nii.gz,C:\Users\Adil\Desktop\yugma\training_data_spine\Normal Spine MRI Datasets\SP3\S82021_eT1W_TSE_CLEAR_20260303142846_702_i00016.nii.gz,0.078,256,256,1,0.781,0.781,4.4,2.686,int16,LAS,1,1,"[[-0.78, -0.01, -0.05, 88.92], [-0.01, 0.76, -1.02, -133.61], [-0.01, 0.18, 4.28, -367.23], [0.0, 0.0, 0.0, 1.0]]",0.0,2516.0,723.82,628.42,574.94,330560.56,2516.0,0.7943,7.3102,0.00945,0.257404,0.0,72381799.3164,72381799.3164,64657,879
SP3,T1W,S82021_eT1W_TSE_CLEAR_20260303142846_702_i00025.nii.gz,C:\Users\Adil\Desktop\yugma\training_data_spine\Normal Spine MRI Datasets\SP3\S82021_eT1W_TSE_CLEAR_20260303142846_702_i00025.nii.gz,0.075,256,256,1,0.781,0.781,4.4,2.686,int16,LAS,1,1,"[[-0.78, -0.01, -0.05, 89.84], [-0.01, 0.76, -0.99, -156.11], [-0.01, 0.18, 4.29, -311.64], [0.0, 0.0, 0.0, 1.0]]",0.0,2737.11,685.71,630.75,497.93,247938.34,2737.11,0.7262,6.8218,0.00871,0.223313,0.0,68570996.0938,68570996.0938,64090,1446
SP3,T1W,S82021_eT1W_TSE_CLEAR_20260303142846_702_i00019.nii.gz,C:\Users\Adil\Desktop\yugma\training_data_spine\Normal Spine MRI Datasets\SP3\S82021_eT1W_TSE_CLEAR_20260303142846_702_i00019.nii.gz,0.158,256,256,2,0.781,0.781,13.2,8.057,int16,LAS,1,1,"[[-0.78, -0.01, -0.15, 89.89], [-0.01, 0.75, -3.66, -142.38], [-0.01, 0.22, 12.68, -346.89], [0.0, 0.0, 0.0, 1.0]]",0.0,3097.87,761.21,663.33,577.2,333160.97,3097.87,0.7583,7.035,0.007971,0.235275,0.0,76121020.5078,76121020.5078,129638,1434
SP3,SPAIR,S82021_eeT2_SPAIR_cor_20260303142846_502.nii.gz,C:\Users\Adil\Desktop\yugma\training_data_spine\Normal Spine MRI Datasets\SP3\S82021_eeT2_SPAIR_cor_20260303142846_502.nii.gz,2.99,432,432,17,0.694,0.694,5.0,2.411,int16,LSP,1,1,"[[-0.69, -0.01, 0.04, 149.25], [-0.01, -0.01, -5.0, 3.14], [-0.01, 0.69, -0.05, -556.06], [0.0, 0.0, 0.0, 1.0]]",0.0,2588.94,343.72,264.18,246.19,60608.0,2588.94,0.7162,5.8904,0.001693,0.155537,0.0,34372369.3848,34372369.3848,2731639,440969
SP2,Survey,S82020_MobiView_SURVEY_SAG_20260303133117_202.nii.gz,C:\Users\Adil\Desktop\yugma\training_data_spine\Normal Spine MRI Datasets\SP2\S82020_MobiView_SURVEY_SAG_20260303133117_202.nii.gz,2.101,528,1017,5,0.758,0.758,9.0,5.165,int16,PSR,1,1,"[[0.0, -0.01, 9.0, -19.61], [-0.76, 0.01, 0.01, 148.56], [0.01, 0.76, 0.08, -595.36], [0.0, 0.0, 0.0, 1.0]]",0.0,2702.95,521.31,283.81,421.94,178036.94,2702.95,0.8094,4.9561,0.002158,0.091134,0.0,52131011.9629,52131011.9629,2681415,3465
SP3,T1W,S82021_eT1W_TSE_CLEAR_20260303142846_802_i00006.nii.gz,C:\Users\Adil\Desktop\yugma\training_data_spine\Normal Spine MRI Datasets\SP3\S82021_eT1W_TSE_CLEAR_20260303142846_802_i00006.nii.gz,0.236,256,256,3,0.781,0.781,4.4,2.686,int16,LAS,1,1,"[[-0.78, -0.02, -0.04, 92.11], [-0.02, 0.73, 1.61, -127.18], [-0.0, -0.29, 4.09, -399.59], [0.0, 0.0, 0.0, 1.0]]",0.0,2063.54,655.18,617.97,447.9,200610.64,2063.54,0.6836,7.2938,0.002345,0.210216,0.0,65518200.6836,65518200.6836,194923,1685
SP3,T1W,S82021_eT1W_TSE_CLEAR_20260303142846_802_i00012.nii.gz,C:\Users\Adil\Desktop\yugma\training_data_spine\Normal Spine MRI Datasets\SP3\S82021_eT1W_TSE_CLEAR_20260303142846_802_i00012.nii.gz,0.224,256,256,3,0.781,0.781,4.4,2.686,int16,LAS,1,1,"[[-0.78, -0.01, -0.04, 90.83], [-0.01, 0.78, -0.38, -129.75], [-0.01, 0.07, 4.38, -386.09], [0.0, 0.0, 0.0, 1.0]]",0.0,1964.17,574.64,536.3,449.52,202065.5,1964.17,0.7823,7.0196,0.002807,0.20125,0.0,57464178.4668,57464178.4668,192845,3763
SP3,T1W,S82021_eT1W_TSE_CLEAR_20260303142846_802_i00009.nii.gz,C:\Users\Adil\Desktop\yugma\training_data_spine\Normal Spine MRI Datasets\SP3\S82021_eT1W_TSE_CLEAR_20260303142846_802_i00009.nii.gz,0.23,256,256,3,0.781,0.781,4.4,2.686,int16,LAS,1,1,"[[-0.78, -0.01, -0.04, 90.14], [-0.02, 0.77, 0.72, -127.05], [-0.01, -0.13, 4.34, -391.27], [0.0, 0.0, 0.0, 1.0]]",0.0,2138.4,622.23,558.08,476.41,226963.69,2138.4,0.7656,7.094,0.002649,0.201343,0.0,62223022.4609,62223022.4609,194066,2542
SP3,T1W,S82021_eT1W_TSE_CLEAR_20260303142846_802_i00001.nii.gz,C:\Users\Adil\Desktop\yugma\training_data_spine\Normal Spine MRI Datasets\SP3\S82021_eT1W_TSE_CLEAR_20260303142846_802_i00001.nii.gz,0.4,256,256,5,0.781,0.781,4.4,2.686,int16,LAS,1,1,"[[-0.78, -0.02, -0.05, 93.09], [-0.02, 0.66, 2.35, -139.7], [0.0, -0.42, 3.72, -414.83], [0.0, 0.0, 0.0, 1.0]]",0.0,2281.32,693.34,661.53,416.45,173427.38,2281.32,0.6006,7.149,0.002806,0.216634,0.0,69334082.0312,69334082.0312,319719,7961
SP3,T1W,S82021_eT1W_TSE_CLEAR_20260303142846_802_i00015.nii.gz,C:\Users\Adil\Desktop\yugma\training_data_spine\Normal Spine MRI Datasets\SP3\S82021_eT1W_TSE_CLEAR_20260303142846_802_i00015.nii.gz,0.233,256,256,3,0.781,0.781,4.4,2.686,int16,LAS,1,1,"[[-0.78, -0.01, -0.05, 88.96], [-0.01, 0.76, -1.02, -132.59], [-0.01, 0.18, 4.28, -371.51], [0.0, 0.0, 0.0, 1.0]]",0.0,2153.37,582.5,524.05,453.2,205392.66,2153.37,0.778,7.0794,0.002797,0.220445,0.0,58249804.6875,58249804.6875,192823,3785
SP3,T1W,S82021_eT1W_TSE_CLEAR_20260303142846_802_i00023.nii.gz,C:\Users\Adil\Desktop\yugma\training_data_spine\Normal Spine MRI Datasets\SP3\S82021_eT1W_TSE_CLEAR_20260303142846_802_i00023.nii.gz,0.229,256,256,3,0.781,0.781,4.4,2.686,int16,LAS,1,1,"[[-0.78, -0.01, -0.05, 89.94], [-0.01, 0.76, -0.99, -154.12], [-0.01, 0.18, 4.29, -320.22], [0.0, 0.0, 0.0, 1.0]]",0.0,2139.76,555.09,504.99,393.22,154619.94,2139.76,0.7084,6.7454,0.003838,0.222842,0.0,55509332.2754,55509332.2754,191736,4872
SP3,T1W,S82021_eT1W_TSE_CLEAR_20260303142846_802_i00018.nii.gz,C:\Users\Adil\Desktop\yugma\training_data_spine\Normal Spine MRI Datasets\SP3\S82021_eT1W_TSE_CLEAR_20260303142846_802_i00018.nii.gz,0.397,256,256,5,0.781,0.781,4.4,2.686,int16,LAS,1,1,"[[-0.78, -0.01, -0.05, 89.94], [-0.01, 0.75, -1.22, -141.16], [-0.01, 0.22, 4.23, -351.12], [0.0, 0.0, 0.0, 1.0]]",0.0,2401.11,617.98,536.3,449.8,202321.97,2401.11,0.7279,6.988,0.002958,0.222493,0.0,61798291.0156,61798291.0156,322491,5189
SP3,T2W,S82021_eT2W_TSE_DRIVE_HR_20260303142846_602_i00006.nii.gz,C:\Users\Adil\Desktop\yugma\training_data_spine\Normal Spine MRI Datasets\SP3\S82021_eT2W_TSE_DRIVE_HR_20260303142846_602_i00006.nii.gz,0.571,336,336,5,0.595,0.595,4.4,1.559,int16,LAS,1,1,"[[-0.6, -0.01, -0.04, 92.25], [-0.01, 0.55, 1.61, -128.87], [-0.0, -0.22, 4.09, -403.65], [0.0, 0.0, 0.0, 1.0]]",0.0,2961.3,794.25,717.68,575.16,330811.44,2961.3,0.7242,7.2022,0.015662,0.262345,0.0,79425012.207,79425012.207,544098,20382
SP3,T2W,S82021_eT2W_TSE_DRIVE_HR_20260303142846_602_i00020.nii.gz,C:\Users\Adil\Desktop\yugma\training_data_spine\Normal Spine MRI Datasets\SP3\S82021_eT2W_TSE_DRIVE_HR_20260303142846_602_i00020.nii.gz,0.448,336,336,4,0.595,0.595,4.4,1.559,int16,LAS,1,1,"[[-0.6, -0.01, -0.05, 89.08], [-0.01, 0.58, -1.02, -132.17], [-0.01, 0.14, 4.28, -373.67], [0.0, 0.0, 0.0, 1.0]]",0.0,2647.75,756.38,668.91,567.47,322027.81,2647.75,0.7502,7.2972,0.021038,0.305987,0.0,75638354.4922,75638354.4922,422499,29085
SP3,T2W,S82021_eT2W_TSE_DRIVE_HR_20260303142846_602_i00001.nii.gz,C:\Users\Adil\Desktop\yugma\training_data_spine\Normal Spine MRI Datasets\SP3\S82021_eT2W_TSE_DRIVE_HR_20260303142846_602_i00001.nii.gz,0.588,336,336,5,0.595,0.595,4.4,1.559,int16,LSP,1,1,"[[-0.59, 0.02, 0.05, 87.99], [-0.02, -0.41, -3.17, 30.05], [0.01, 0.43, -3.06, -517.46], [0.0, 0.0, 0.0, 1.0]]",0.0,3184.27,922.8,905.81,614.53,377650.19,3184.27,0.6659,7.1711,0.012389,0.256547,0.0,92279699.707,92279699.707,552769,11711
SP3,T2W,S82021_eT2W_TSE_DRIVE_HR_20260303142846_602_i00016.nii.gz,C:\Users\Adil\Desktop\yugma\training_data_spine\Normal Spine MRI Datasets\SP3\S82021_eT2W_TSE_DRIVE_HR_20260303142846_602_i00016.nii.gz,0.436,336,336,4,0.595,0.595,4.4,1.559,int16,LAS,1,1,"[[-0.6, -0.01, -0.04, 90.94], [-0.01, 0.59, -0.38, -129.65], [-0.01, 0.05, 4.38, -388.29], [0.0, 0.0, 0.0, 1.0]]",0.0,2355.1,735.05,557.42,581.42,338045.5,2355.1,0.791,7.3046,0.024626,0.312042,0.0,73504705.8105,73504705.8105,420283,31301
SP3,T2W,S82021_eT2W_TSE_DRIVE_HR_20260303142846_602_i00011.nii.gz,C:\Users\Adil\Desktop\yugma\training_data_spine\Normal Spine MRI Datasets\SP3\S82021_eT2W_TSE_DRIVE_HR_20260303142846_602_i00011.nii.gz,0.563,336,336,5,0.595,0.595,4.4,1.559,int16,LAS,1,1,"[[-0.6, -0.01, -0.04, 90.28], [-0.01, 0.59, 0.72, -127.86], [-0.0, -0.1, 4.34, -395.59], [0.0, 0.0, 0.0, 1.0]]",0.0,2933.43,788.63,613.16,610.54,372758.25,2933.43,0.7742,7.0879,0.017487,0.266152,0.0,78863403.3203,78863403.3203,537572,26908
SP3,T2W,S82021_eT2W_TSE_DRIVE_HR_20260303142846_602_i00034.nii.gz,C:\Users\Adil\Desktop\yugma\training_data_spine\Normal Spine MRI Datasets\SP3\S82021_eT2W_TSE_DRIVE_HR_20260303142846_602_i00034.nii.gz,0.303,336,336,3,0.595,0.595,4.4,1.559,int16,LAS,1,1,"[[-0.6, -0.01, -0.05, 89.31], [-0.01, 0.59, -0.68, -160.17], [-0.01, 0.09, 4.35, -286.68], [0.0, 0.0, 0.0, 1.0]]",0.0,2299.36,623.87,494.71,435.77,189899.12,2299.36,0.6985,7.1615,0.012695,0.2862,0.0,62387060.5469,62387060.5469,301536,37152
SP3,T2W,S82021_eT2W_TSE_DRIVE_HR_20260303142846_602_i00029.nii.gz,C:\Users\Adil\Desktop\yugma\training_data_spine\Normal Spine MRI Datasets\SP3\S82021_eT2W_TSE_DRIVE_HR_20260303142846_602_i00029.nii.gz,0.528,336,336,5,0.595,0.595,4.763,1.687,int16,LAS,1,1,"[[-0.6, -0.01, -0.05, 90.09], [-0.01, 0.58, -1.07, -153.06], [-0.01, 0.13, 4.64, -325.23], [0.0, 0.0, 0.0, 1.0]]",0.0,2529.3,737.58,689.81,492.56,242618.14,2529.3,0.6678,7.2966,0.017602,0.306222,0.0,73758227.5391,73758227.5391,503839,60641
SP3,T2W,S82021_eT2W_TSE_DRIVE_HR_20260303142846_602_i00024.nii.gz,C:\Users\Adil\Desktop\yugma\training_data_spine\Normal Spine MRI Datasets\SP3\S82021_eT2W_TSE_DRIVE_HR_20260303142846_602_i00024.nii.gz,0.561,336,336,5,0.595,0.595,4.4,1.559,int16,LAS,1,1,"[[-0.6, -0.01, -0.05, 90.03], [-0.01, 0.57, -1.22, -141.25], [-0.01, 0.16, 4.23, -351.15], [0.0, 0.0, 0.0, 1.0]]",0.0,2689.56,800.05,759.49,550.31,302840.06,2689.56,0.6878,7.3431,0.018645,0.316607,0.0,80005389.4043,80005389.4043,526809,37671
SP3,T2W,S82021_eT2W_TSE_DRIVE_HR_20260303142846_902_i00006.nii.gz,C:\Users\Adil\Desktop\yugma\training_data_spine\Normal Spine MRI Datasets\SP3\S82021_eT2W_TSE_DRIVE_HR_20260303142846_902_i00006.nii.gz,0.622,336,336,5,0.595,0.595,4.4,1.559,int16,LAS,1,1,"[[-0.6, -0.01, -0.04, 92.25], [-0.01, 0.55, 1.61, -128.87], [-0.0, -0.22, 4.09, -403.65], [0.0, 0.0, 0.0, 1.0]]",0.0,2852.35,709.34,675.48,519.02,269378.66,2852.35,0.7317,7.0116,0.002926,0.19875,0.0,70934161.377,70934161.377,552652,11828
SP3,T2W,S82021_eT2W_TSE_DRIVE_HR_20260303142846_902_i00011.nii.gz,C:\Users\Adil\Desktop\yugma\training_data_spine\Normal Spine MRI Datasets\SP3\S82021_eT2W_TSE_DRIVE_HR_20260303142846_902_i00011.nii.gz,0.609,336,336,5,0.595,0.595,4.4,1.559,int16,LAS,1,1,"[[-0.6, -0.01, -0.04, 90.28], [-0.01, 0.59, 0.72, -127.86], [-0.0, -0.1, 4.34, -395.59], [0.0, 0.0, 0.0, 1.0]]",0.0,2884.8,658.94,545.69,528.41,279213.25,2884.8,0.8019,6.8495,0.003732,0.211258,0.0,65893524.1699,65893524.1699,548601,15879
SP3,T2W,S82021_eT2W_TSE_DRIVE_HR_20260303142846_902_i00001.nii.gz,C:\Users\Adil\Desktop\yugma\training_data_spine\Normal Spine MRI Datasets\SP3\S82021_eT2W_TSE_DRIVE_HR_20260303142846_902_i00001.nii.gz,0.624,336,336,5,0.595,0.595,4.4,1.559,int16,LAS,1,1,"[[-0.6, -0.01, -0.05, 93.18], [-0.02, 0.5, 2.35, -139.77], [0.0, -0.32, 3.72, -414.78], [0.0, 0.0, 0.0, 1.0]]",0.0,2867.1,747.57,758.07,502.25,252251.72,2867.1,0.6718,7.0949,0.003803,0.213728,0.0,74757476.8066,74757476.8066,539366,25114
SP3,T2W,S82021_eT2W_TSE_DRIVE_HR_20260303142846_902_i00016.nii.gz,C:\Users\Adil\Desktop\yugma\training_data_spine\Normal Spine MRI Datasets\SP3\S82021_eT2W_TSE_DRIVE_HR_20260303142846_902_i00016.nii.gz,0.472,336,336,4,0.595,0.595,4.4,1.559,int16,LAS,1,1,"[[-0.6, -0.01, -0.04, 90.94], [-0.01, 0.59, -0.38, -129.65], [-0.01, 0.05, 4.38, -388.29], [0.0, 0.0, 0.0, 1.0]]",0.0,1943.85,590.57,489.65,485.53,235735.67,1943.85,0.8221,7.2447,0.005845,0.257468,0.0,59056927.4902,59056927.4902,431661,19923
SP3,T2W,S82021_eT2W_TSE_DRIVE_HR_20260303142846_902_i00020.nii.gz,C:\Users\Adil\Desktop\yugma\training_data_spine\Normal Spine MRI Datasets\SP3\S82021_eT2W_TSE_DRIVE_HR_20260303142846_902_i00020.nii.gz,0.489,336,336,4,0.595,0.595,4.4,1.559,int16,LAS,1,1,"[[-0.6, -0.01, -0.05, 89.08], [-0.01, 0.58, -1.02, -132.17], [-0.01, 0.14, 4.28, -373.67], [0.0, 0.0, 0.0, 1.0]]",0.0,2159.18,617.52,575.19,471.4,222213.47,2159.18,0.7634,7.3253,0.005366,0.26437,0.0,61751898.1934,61751898.1934,431074,20510
SP3,T2W,S82021_eT2W_TSE_DRIVE_HR_20260303142846_902_i00029.nii.gz,C:\Users\Adil\Desktop\yugma\training_data_spine\Normal Spine MRI Datasets\SP3\S82021_eT2W_TSE_DRIVE_HR_20260303142846_902_i00029.nii.gz,0.353,336,336,3,0.595,0.595,4.763,1.687,int16,LAS,1,1,"[[-0.6, -0.01, -0.05, 90.04], [-0.01, 0.58, -1.07, -154.13], [-0.01, 0.13, 4.64, -320.59], [0.0, 0.0, 0.0, 1.0]]",0.0,1979.25,592.11,545.69,407.92,166399.39,1979.25,0.6889,7.2463,0.00679,0.282667,0.0,59211016.8457,59211016.8457,316366,22322
SP3,T1W,S82021_eT1W_TSE_20260303142846_404.nii.gz,C:\Users\Adil\Desktop\yugma\training_data_spine\Normal Spine MRI Datasets\SP3\S82021_eT1W_TSE_20260303142846_404.nii.gz,2.727,528,528,15,0.703,0.703,4.4,2.175,int16,PSR,1,1,"[[-0.0, 0.01, 4.4, -44.25], [-0.7, -0.0, -0.01, 147.45], [0.0, 0.7, -0.06, -569.16], [0.0, 0.0, 0.0, 1.0]]",0.0,2339.11,628.16,572.02,367.4,134981.89,2339.11,0.5849,7.1869,0.002995,0.114879,0.0,62815832.5195,62815832.5195,2019341,2162419
SP3,T2W,S82021_eT2W_TSE_DRIVE_HR_20260303142846_902_i00024.nii.gz,C:\Users\Adil\Desktop\yugma\training_data_spine\Normal Spine MRI Datasets\SP3\S82021_eT2W_TSE_DRIVE_HR_20260303142846_902_i00024.nii.gz,0.621,336,336,5,0.595,0.595,4.4,1.559,int16,LAS,1,1,"[[-0.6, -0.01, -0.05, 90.03], [-0.01, 0.57, -1.22, -141.25], [-0.01, 0.16, 4.23, -351.15], [0.0, 0.0, 0.0, 1.0]]",0.0,2162.13,650.81,631.23,449.26,201838.27,2162.13,0.6903,7.3735,0.006329,0.288433,0.0,65081072.998,65081072.998,539867,24613
SP2,STIR,S82020_eeSTIR_TSE_COR_20260303133117_302.nii.gz,C:\Users\Adil\Desktop\yugma\training_data_spine\Normal Spine MRI Datasets\SP2\S82020_eeSTIR_TSE_COR_20260303133117_302.nii.gz,5.661,672,672,15,0.586,0.586,5.642,1.94,int16,LSP,1,1,"[[-0.59, -0.02, 0.01, 203.58], [0.0, -0.1, -5.56, 18.37], [-0.02, 0.58, -0.93, -576.09], [0.0, 0.0, 0.0, 1.0]]",0.0,3092.34,510.97,440.79,327.75,107420.95,3092.34,0.6414,6.3087,0.000674,0.12661,0.0,51097384.6436,51097384.6436,5353301,1420459
SP7,T1W,S82030_eT1W_TSE_CLEAR_20260305081552_702_i00001.nii.gz,C:\Users\Adil\Desktop\yugma\training_data_spine\Normal Spine MRI Datasets\SP7\S82030_eT1W_TSE_CLEAR_20260305081552_702_i00001.nii.gz,0.062,224,224,1,0.714,0.714,4.0,2.041,int16,LAS,1,1,"[[-0.71, -0.0, -0.03, 71.38], [-0.01, 0.55, 2.53, -130.9], [-0.0, -0.45, 3.09, -437.93], [0.0, 0.0, 0.0, 1.0]]",0.0,2231.51,893.49,815.79,484.38,234623.08,2231.51,0.5421,7.5084,0.006748,0.276547,70.3279,12.7046,89349108.8867,50154,22
SP3,T1W,S82021_eT1W_TSE_20260303142846_403.nii.gz,C:\Users\Adil\Desktop\yugma\training_data_spine\Normal Spine MRI Datasets\SP3\S82021_eT1W_TSE_20260303142846_403.nii.gz,3.053,576,576,15,0.643,0.643,4.4,1.818,int16,PSR,1,1,"[[-0.0, 0.01, 4.4, -39.54], [-0.64, -0.0, -0.01, 146.99], [0.0, 0.64, -0.06, -237.97], [0.0, 0.0, 0.0, 1.0]]",0.0,2453.01,493.89,366.21,443.51,196702.89,2453.01,0.898,6.9394,0.00198,0.102359,0.0,49388552.8564,49388552.8564,2324869,2651771
SP7,T1W,S82030_eT1W_TSE_CLEAR_20260305081552_702_i00012.nii.gz,C:\Users\Adil\Desktop\yugma\training_data_spine\Normal Spine MRI Datasets\SP7\S82030_eT1W_TSE_CLEAR_20260305081552_702_i00012.nii.gz,0.236,224,224,4,0.714,0.714,4.4,2.245,int16,LAS,1,1,"[[-0.71, -0.0, -0.02, 70.83], [-0.0, 0.71, -0.3, -132.29], [-0.0, 0.05, 4.39, -423.7], [0.0, 0.0, 0.0, 1.0]]",0.0,2718.48,770.47,534.66,495.08,245103.81,2718.48,0.6426,6.9795,0.008466,0.228198,0.0,77047442.627,77047442.627,200373,331
SP7,T1W,S82030_eT1W_TSE_CLEAR_20260305081552_702_i00002.nii.gz,C:\Users\Adil\Desktop\yugma\training_data_spine\Normal Spine MRI Datasets\SP7\S82030_eT1W_TSE_CLEAR_20260305081552_702_i00002.nii.gz,0.302,224,224,5,0.714,0.714,4.4,2.245,int16,LAS,1,1,"[[-0.71, -0.0, -0.03, 72.96], [-0.0, 0.64, 1.89, -130.52], [-0.0, -0.31, 3.97, -443.67], [0.0, 0.0, 0.0, 1.0]]",0.0,2633.13,765.98,577.33,466.39,217523.38,2633.13,0.6089,7.1172,0.006509,0.246787,0.0,76597570.8008,76597570.8008,250743,137
SP7,T1W,S82030_eT1W_TSE_CLEAR_20260305081552_702_i00016.nii.gz,C:\Users\Adil\Desktop\yugma\training_data_spine\Normal Spine MRI Datasets\SP7\S82030_eT1W_TSE_CLEAR_20260305081552_702_i00016.nii.gz,0.177,224,224,3,0.714,0.714,4.4,2.245,int16,LAS,1,1,"[[-0.71, -0.01, -0.05, 71.15], [-0.0, 0.71, -0.47, -133.66], [-0.01, 0.08, 4.37, -391.95], [0.0, 0.0, 0.0, 1.0]]",0.0,3531.76,797.86,720.41,475.79,226375.19,3531.76,0.5963,6.6456,0.006995,0.204713,0.0,79785986.3281,79785986.3281,150187,341
SP7,T1W,S82030_eT1W_TSE_CLEAR_20260305081552_702_i00007.nii.gz,C:\Users\Adil\Desktop\yugma\training_data_spine\Normal Spine MRI Datasets\SP7\S82030_eT1W_TSE_CLEAR_20260305081552_702_i00007.nii.gz,0.297,224,224,5,0.714,0.714,3.878,1.979,int16,LAS,1,1,"[[-0.71, -0.0, -0.02, 70.58], [-0.0, 0.71, 0.23, -130.6], [-0.0, -0.04, 3.87, -445.89], [0.0, 0.0, 0.0, 1.0]]",0.0,2372.08,746.32,594.9,418.12,174824.58,2372.08,0.5602,7.0887,0.007827,0.266726,0.0,74631860.3516,74631860.3516,250641,239
SP7,T1W,S82030_eT1W_TSE_CLEAR_20260305081552_702_i00019.nii.gz,C:\Users\Adil\Desktop\yugma\training_data_spine\Normal Spine MRI Datasets\SP7\S82030_eT1W_TSE_CLEAR_20260305081552_702_i00019.nii.gz,0.174,224,224,3,0.714,0.714,4.4,2.245,int16,LAS,1,1,"[[-0.71, -0.01, -0.05, 68.95], [-0.0, 0.71, -0.45, -140.97], [-0.01, 0.07, 4.38, -360.36], [0.0, 0.0, 0.0, 1.0]]",0.0,2768.68,659.72,517.09,429.47,184442.66,2768.68,0.651,6.7185,0.006978,0.215983,0.0,65972473.1445,65972473.1445,149637,891
SP7,T1W,S82030_eT1W_TSE_CLEAR_20260305081552_702_i00022.nii.gz,C:\Users\Adil\Desktop\yugma\training_data_spine\Normal Spine MRI Datasets\SP7\S82030_eT1W_TSE_CLEAR_20260305081552_702_i00022.nii.gz,0.115,224,224,2,0.714,0.714,4.4,2.245,int16,LAS,1,1,"[[-0.71, -0.01, -0.05, 68.86], [-0.0, 0.71, -0.43, -142.54], [-0.01, 0.07, 4.38, -329.38], [0.0, 0.0, 0.0, 1.0]]",0.0,2640.66,592.95,484.46,371.0,137642.88,2640.66,0.6257,6.6546,0.00565,0.212481,0.0,59295446.7773,59295446.7773,99920,432
SP7,T2W,S82030_eT2W_TSE_DRIVE_HR_20260305081552_602_i00001.nii.gz,C:\Users\Adil\Desktop\yugma\training_data_spine\Normal Spine MRI Datasets\SP7\S82030_eT2W_TSE_DRIVE_HR_20260305081552_602_i00001.nii.gz,0.088,288,288,1,0.556,0.556,4.0,1.235,int16,LAS,1,1,"[[-0.56, -0.0, -0.03, 71.46], [-0.01, 0.43, 2.53, -130.96], [-0.0, -0.35, 3.09, -437.88], [0.0, 0.0, 0.0, 1.0]]",0.0,2610.5,870.84,830.31,569.45,324273.22,2610.5,0.6539,7.2589,0.00892,0.261898,0.0,87084362.793,87084362.793,82791,153
SP5,STIR,S82023_eSTIR_longTE_20260303153859_502.nii.gz,C:\Users\Adil\Desktop\yugma\training_data_spine\Normal Spine MRI Datasets\SP5\S82023_eSTIR_longTE_20260303153859_502.nii.gz,1.123,320,320,12,0.845,0.845,4.8,3.424,int16,LSP,1,1,"[[-0.84, 0.0, 0.48, 129.34], [-0.08, 0.18, -4.66, -32.76], [0.02, 0.82, 1.03, -131.67], [0.0, 0.0, 0.0, 1.0]]",0.0,2695.53,313.62,218.05,355.5,126382.68,2695.53,1.1336,5.8686,0.003946,0.153261,0.0,31361581.4209,31361581.4209,1002297,226503
SP7,T2W,S82030_eT2W_TSE_DRIVE_HR_20260305081552_602_i00012.nii.gz,C:\Users\Adil\Desktop\yugma\training_data_spine\Normal Spine MRI Datasets\SP7\S82030_eT2W_TSE_DRIVE_HR_20260305081552_602_i00012.nii.gz,0.34,288,288,4,0.556,0.556,4.4,1.358,int16,LAS,1,1,"[[-0.56, -0.0, -0.02, 70.91], [-0.0, 0.55, -0.3, -132.37], [-0.0, 0.04, 4.39, -423.7], [0.0, 0.0, 0.0, 1.0]]",0.0,2397.94,683.05,511.47,581.01,337576.06,2397.94,0.8506,7.1582,0.019217,0.305177,0.0,68304608.1543,68304608.1543,330870,906
SP7,T2W,S82030_eT2W_TSE_DRIVE_HR_20260305081552_602_i00002.nii.gz,C:\Users\Adil\Desktop\yugma\training_data_spine\Normal Spine MRI Datasets\SP7\S82030_eT2W_TSE_DRIVE_HR_20260305081552_602_i00002.nii.gz,0.433,288,288,5,0.556,0.556,4.4,1.358,int16,LAS,1,1,"[[-0.56, -0.0, -0.03, 73.04], [-0.0, 0.5, 1.89, -130.6], [-0.0, -0.24, 3.97, -443.64], [0.0, 0.0, 0.0, 1.0]]",0.0,2657.0,700.69,511.47,564.54,318706.31,2657.0,0.8057,7.0123,0.013292,0.284039,0.0,70069122.3145,70069122.3145,414149,571
SP7,T2W,S82030_eT2W_TSE_DRIVE_HR_20260305081552_602_i00007.nii.gz,C:\Users\Adil\Desktop\yugma\training_data_spine\Normal Spine MRI Datasets\SP7\S82030_eT2W_TSE_DRIVE_HR_20260305081552_602_i00007.nii.gz,0.431,288,288,5,0.556,0.556,3.878,1.197,int16,LAS,1,1,"[[-0.56, -0.0, -0.02, 70.66], [-0.0, 0.55, 0.23, -130.68], [-0.0, -0.03, 3.87, -445.89], [0.0, 0.0, 0.0, 1.0]]",0.0,2404.58,691.64,597.82,538.02,289470.25,2404.58,0.7779,7.2003,0.015104,0.289617,0.0,69163818.3594,69163818.3594,413817,903
SP7,T2W,S82030_eT2W_TSE_DRIVE_HR_20260305081552_602_i00016.nii.gz,C:\Users\Adil\Desktop\yugma\training_data_spine\Normal Spine MRI Datasets\SP7\S82030_eT2W_TSE_DRIVE_HR_20260305081552_602_i00016.nii.gz,0.255,288,288,3,0.556,0.556,4.4,1.358,int16,LAS,1,1,"[[-0.56, -0.0, -0.05, 71.23], [-0.0, 0.55, -0.47, -133.74], [-0.01, 0.06, 4.37, -391.95], [0.0, 0.0, 0.0, 1.0]]",0.0,2809.77,716.54,704.1,570.93,325965.31,2809.77,0.7968,6.9519,0.013549,0.270679,0.0,71654498.291,71654498.291,248021,811
SP7,T2W,S82030_eT2W_TSE_DRIVE_HR_20260305081552_602_i00022.nii.gz,C:\Users\Adil\Desktop\yugma\training_data_spine\Normal Spine MRI Datasets\SP7\S82030_eT2W_TSE_DRIVE_HR_20260305081552_602_i00022.nii.gz,0.162,288,288,2,0.556,0.556,4.4,1.358,int16,LAS,1,1,"[[-0.56, -0.0, -0.05, 68.94], [-0.0, 0.55, -0.43, -142.62], [-0.01, 0.05, 4.38, -329.38], [0.0, 0.0, 0.0, 1.0]]",0.0,2411.22,603.34,557.97,466.39,217523.33,2411.22,0.773,6.9914,0.010489,0.290401,0.0,60334002.6855,60334002.6855,164462,1426
SP7,T2W,S82030_eT2W_TSE_DRIVE_HR_20260305081552_602_i00019.nii.gz,C:\Users\Adil\Desktop\yugma\training_data_spine\Normal Spine MRI Datasets\SP7\S82030_eT2W_TSE_DRIVE_HR_20260305081552_602_i00019.nii.gz,0.249,288,288,3,0.556,0.556,4.4,1.358,int16,LAS,1,1,"[[-0.56, -0.0, -0.05, 69.03], [-0.0, 0.55, -0.45, -141.05], [-0.01, 0.06, 4.38, -360.36], [0.0, 0.0, 0.0, 1.0]]",0.0,2378.01,678.07,690.82,522.59,273101.5,2378.01,0.7707,7.1477,0.015087,0.313589,0.0,67807196.0449,67807196.0449,245414,3418
SP3,T2W,S82021_eT2W_TSE_20260303142846_303.nii.gz,C:\Users\Adil\Desktop\yugma\training_data_spine\Normal Spine MRI Datasets\SP3\S82021_eT2W_TSE_20260303142846_303.nii.gz,2.476,512,512,15,0.726,0.726,4.4,2.318,int16,PSR,1,1,"[[-0.0, 0.01, 4.4, -39.55], [-0.73, -0.0, -0.01, 147.62], [0.0, 0.73, -0.06, -238.6], [0.0, 0.0, 0.0, 1.0]]",0.0,2423.29,503.14,365.31,469.53,220456.64,2423.29,0.9332,7.0347,0.003099,0.130657,0.0,50313781.7383,50313781.7383,1840357,2091803
SP3,T2W,S82021_eT2W_TSE_20260303142846_304.nii.gz,C:\Users\Adil\Desktop\yugma\training_data_spine\Normal Spine MRI Datasets\SP3\S82021_eT2W_TSE_20260303142846_304.nii.gz,2.537,512,512,15,0.726,0.726,4.4,2.318,int16,PSR,1,1,"[[-0.0, 0.01, 4.4, -44.26], [-0.73, -0.0, -0.01, 147.62], [0.0, 0.73, -0.06, -570.18], [0.0, 0.0, 0.0, 1.0]]",0.0,2977.05,647.0,610.51,416.75,173683.09,2977.05,0.6441,7.0108,0.002983,0.11449,0.0,64699853.5156,64699853.5156,1893958,2038202
SP2,T2W,S82020_eT2W_TSE_CLEAR_20260303133117_402.nii.gz,C:\Users\Adil\Desktop\yugma\training_data_spine\Normal Spine MRI Datasets\SP2\S82020_eT2W_TSE_CLEAR_20260303133117_402.nii.gz,5.695,800,800,14,0.437,0.437,3.85,0.735,int16,PSR,1,1,"[[0.0, -0.01, 3.85, -18.82], [-0.44, 0.0, 0.0, 120.84], [0.0, 0.44, 0.12, -571.08], [0.0, 0.0, 0.0, 1.0]]",0.0,2616.47,678.38,608.42,488.86,238987.75,2616.47,0.7206,7.2909,0.0004,0.100172,0.0,67837725.8301,67837725.8301,4546596,4413404
SP8,STIR,S82032_eSTIR_TSE_20260304134706_503.nii.gz,C:\Users\Adil\Desktop\yugma\training_data_spine\Normal Spine MRI Datasets\SP8\S82032_eSTIR_TSE_20260304134706_503.nii.gz,1.441,432,432,15,0.865,0.865,4.4,3.295,int16,PSR,1,1,"[[-0.0, 0.02, 4.4, -41.39], [-0.87, -0.0, -0.01, 144.25], [0.0, 0.87, -0.1, -248.63], [0.0, 0.0, 0.0, 1.0]]",0.0,3572.87,406.75,316.3,336.77,113413.21,3572.87,0.828,6.2054,0.004001,0.11309,0.0,40674642.9443,40674642.9443,1198634,1600726
SP8,STIR,S82032_eSTIR_TSE_20260304134706_503a.nii.gz,C:\Users\Adil\Desktop\yugma\training_data_spine\Normal Spine MRI Datasets\SP8\S82032_eSTIR_TSE_20260304134706_503a.nii.gz,1.441,432,432,15,0.865,0.865,4.4,3.295,int16,PSR,1,1,"[[-0.0, 0.02, 4.4, -41.39], [-0.87, -0.0, -0.01, 144.25], [0.0, 0.87, -0.1, -248.63], [0.0, 0.0, 0.0, 1.0]]",0.0,3572.87,406.75,316.3,336.77,113413.21,3572.87,0.828,6.2054,0.004001,0.11309,0.0,40674642.9443,40674642.9443,1198634,1600726
SP5,T1W,S82023_eT1W_TSE_20260303153859_404.nii.gz,C:\Users\Adil\Desktop\yugma\training_data_spine\Normal Spine MRI Datasets\SP5\S82023_eT1W_TSE_20260303153859_404.nii.gz,2.598,528,528,15,0.703,0.703,4.4,2.175,int16,PSR,1,1,"[[-0.0, 0.02, 4.4, -50.49], [-0.7, -0.0, -0.01, 134.91], [0.0, 0.7, -0.14, -568.56], [0.0, 0.0, 0.0, 1.0]]",0.0,2461.95,413.36,375.64,293.78,86306.17,2461.95,0.7107,6.5675,0.001067,0.091715,0.0,41335510.2539,41335510.2539,2000504,2181256
SP7,T1W,S82030_T1W_TSE_sag_20260305081552_501.nii.gz,C:\Users\Adil\Desktop\yugma\training_data_spine\Normal Spine MRI Datasets\SP7\S82030_T1W_TSE_sag_20260305081552_501.nii.gz,1.895,448,448,14,0.789,0.789,3.85,2.4,int16,PSR,1,1,"[[-0.0, -0.0, 3.85, -31.9], [-0.79, 0.01, -0.01, 121.54], [0.01, 0.79, 0.02, -618.62], [0.0, 0.0, 0.0, 1.0]]",0.0,2275.09,720.3,614.19,444.09,197214.73,2275.09,0.6165,7.3396,0.003313,0.145821,0.0,72029589.8438,72029589.8438,1426077,1383779
SP7,T2W,S82030_eT2W_TSE_20260305081552_304.nii.gz,C:\Users\Adil\Desktop\yugma\training_data_spine\Normal Spine MRI Datasets\SP7\S82030_eT2W_TSE_20260305081552_304.nii.gz,2.028,512,512,12,0.726,0.726,4.4,2.318,int16,PSR,1,1,"[[-0.0, 0.01, 4.4, -37.68], [-0.73, 0.0, -0.01, 138.63], [0.0, 0.73, -0.05, -598.31], [0.0, 0.0, 0.0, 1.0]]",0.0,2434.47,550.46,477.43,424.71,180375.23,2434.47,0.7716,7.1684,0.00232,0.125674,0.0,55045538.3301,55045538.3301,1518248,1627480
SP7,T2W,S82030_eT2W_TSE_20260305081552_303.nii.gz,C:\Users\Adil\Desktop\yugma\training_data_spine\Normal Spine MRI Datasets\SP7\S82030_eT2W_TSE_20260305081552_303.nii.gz,1.95,512,512,12,0.726,0.726,4.4,2.318,int16,PSR,1,1,"[[-0.0, 0.01, 4.4, -33.79], [-0.73, 0.0, -0.01, 138.64], [0.0, 0.73, -0.05, -266.72], [0.0, 0.0, 0.0, 1.0]]",0.0,2460.94,393.81,251.62,408.04,166493.48,2460.94,1.0361,6.6741,0.00217,0.113985,0.0,39380538.9404,39380538.9404,1453530,1692198
SP5,T2W,S82023_eT2W_TSE_20260303153859_303.nii.gz,C:\Users\Adil\Desktop\yugma\training_data_spine\Normal Spine MRI Datasets\SP5\S82023_eT2W_TSE_20260303153859_303.nii.gz,2.271,512,512,15,0.726,0.726,4.4,2.318,int16,PSR,1,1,"[[-0.0, 0.02, 4.4, -40.07], [-0.73, -0.0, -0.01, 135.07], [0.0, 0.73, -0.14, -238.12], [0.0, 0.0, 0.0, 1.0]]",0.0,3061.61,376.76,253.8,375.43,140944.89,3061.61,0.9965,6.1876,0.002112,0.102531,0.0,37676068.1152,37676068.1152,1762641,2169519
SP5,T2W,S82023_eT2W_TSE_20260303153859_304.nii.gz,C:\Users\Adil\Desktop\yugma\training_data_spine\Normal Spine MRI Datasets\SP5\S82023_eT2W_TSE_20260303153859_304.nii.gz,2.314,512,512,15,0.726,0.726,4.4,2.318,int16,PSR,1,1,"[[-0.0, 0.02, 4.4, -50.52], [-0.73, -0.0, -0.01, 135.08], [0.0, 0.73, -0.14, -569.57], [0.0, 0.0, 0.0, 1.0]]",0.0,2704.0,374.96,278.2,334.75,112055.78,2704.0,0.8927,6.5267,0.002202,0.106399,0.0,37496276.8555,37496276.8555,1844869,2087291
SP5,T1W,S82023_eT1W_TSE_20260303153859_403.nii.gz,C:\Users\Adil\Desktop\yugma\training_data_spine\Normal Spine MRI Datasets\SP5\S82023_eT1W_TSE_20260303153859_403.nii.gz,2.81,576,576,15,0.643,0.643,4.4,1.818,int16,PSR,1,1,"[[-0.0, 0.02, 4.4, -40.05], [-0.64, -0.0, -0.01, 134.45], [0.0, 0.64, -0.14, -237.5], [0.0, 0.0, 0.0, 1.0]]",0.0,2675.86,426.33,422.34,351.4,123481.45,2675.86,0.8242,6.2993,0.001128,0.085107,0.0,42632791.1377,42632791.1377,2236195,2740445
SP8,STIR,S82032_eSTIR_TSE_20260304134706_504.nii.gz,C:\Users\Adil\Desktop\yugma\training_data_spine\Normal Spine MRI Datasets\SP8\S82032_eSTIR_TSE_20260304134706_504.nii.gz,1.482,432,432,15,0.865,0.865,4.4,3.295,int16,PSR,1,1,"[[-0.0, 0.02, 4.4, -48.64], [-0.87, -0.0, -0.01, 144.26], [0.0, 0.87, -0.1, -582.4], [0.0, 0.0, 0.0, 1.0]]",0.0,2821.45,405.96,356.22,256.34,65708.31,2821.45,0.6314,6.352,0.005668,0.1403,0.0,40595889.2822,40595889.2822,1346970,1452390
SP8,T2W,S82032_eT2W_TSE_DRIVE_HR_20260304134706_602_i00001.nii.gz,C:\Users\Adil\Desktop\yugma\training_data_spine\Normal Spine MRI Datasets\SP8\S82032_eT2W_TSE_DRIVE_HR_20260304134706_602_i00001.nii.gz,0.496,336,336,5,0.595,0.595,4.4,1.559,int16,LAS,1,1,"[[-0.59, -0.02, -0.07, 80.78], [-0.02, 0.53, 2.07, -166.62], [-0.0, -0.28, 3.88, -403.85], [0.0, 0.0, 0.0, 1.0]]",0.0,2725.15,544.31,351.42,491.78,241851.78,2725.15,0.9035,6.8805,0.012473,0.239026,0.0,54431268.3105,54431268.3105,476505,87975
SP8,STIR,S82032_eSTIR_TSE_20260304134706_504a.nii.gz,C:\Users\Adil\Desktop\yugma\training_data_spine\Normal Spine MRI Datasets\SP8\S82032_eSTIR_TSE_20260304134706_504a.nii.gz,1.482,432,432,15,0.865,0.865,4.4,3.295,int16,PSR,1,1,"[[-0.0, 0.02, 4.4, -48.64], [-0.87, -0.0, -0.01, 144.26], [0.0, 0.87, -0.1, -582.4], [0.0, 0.0, 0.0, 1.0]]",0.0,2821.45,405.96,356.22,256.34,65708.31,2821.45,0.6314,6.352,0.005668,0.1403,0.0,40595889.2822,40595889.2822,1346970,1452390
SP8,T2W,S82032_eT2W_TSE_DRIVE_HR_20260304134706_602_i00001a.nii.gz,C:\Users\Adil\Desktop\yugma\training_data_spine\Normal Spine MRI Datasets\SP8\S82032_eT2W_TSE_DRIVE_HR_20260304134706_602_i00001a.nii.gz,0.496,336,336,5,0.595,0.595,4.4,1.559,int16,LAS,1,1,"[[-0.59, -0.02, -0.07, 80.78], [-0.02, 0.53, 2.07, -166.62], [-0.0, -0.28, 3.88, -403.85], [0.0, 0.0, 0.0, 1.0]]",0.0,2725.15,544.31,351.42,491.78,241851.78,2725.15,0.9035,6.8805,0.012473,0.239026,0.0,54431268.3105,54431268.3105,476505,87975
SP12,T1W,S82031_eT1W_TSE_CLEAR_20260305090906_802_i00001.nii.gz,C:\Users\Adil\Desktop\yugma\training_data_spine\Pathological Spine MRI Datasets\SP12\S82031_eT1W_TSE_CLEAR_20260305090906_802_i00001.nii.gz,0.228,224,224,4,0.714,0.714,4.4,2.245,int16,LAS,1,1,"[[-0.71, 0.0, -0.03, 76.7], [-0.0, 0.63, 2.05, -109.53], [-0.0, -0.33, 3.89, -474.51], [0.0, 0.0, 0.0, 1.0]]",0.0,2509.91,1037.5,968.94,475.03,225650.91,2509.91,0.4579,7.3152,0.008629,0.290509,86.4156,12.0059,103749816.8945,200647,57
SP12,T1W,S82031_eT1W_TSE_CLEAR_20260305090906_802_i00001a.nii.gz,C:\Users\Adil\Desktop\yugma\training_data_spine\Pathological Spine MRI Datasets\SP12\S82031_eT1W_TSE_CLEAR_20260305090906_802_i00001a.nii.gz,0.228,224,224,4,0.714,0.714,4.4,2.245,int16,LAS,1,1,"[[-0.71, 0.0, -0.03, 76.7], [-0.0, 0.63, 2.05, -109.53], [-0.0, -0.33, 3.89, -474.51], [0.0, 0.0, 0.0, 1.0]]",0.0,2509.91,1037.5,968.94,475.03,225650.91,2509.91,0.4579,7.3152,0.008629,0.290509,86.4156,12.0059,103749816.8945,200647,57
SP8,T2W,S82032_eT2W_TSE_DRIVE_HR_20260304134706_602_i00006.nii.gz,C:\Users\Adil\Desktop\yugma\training_data_spine\Normal Spine MRI Datasets\SP8\S82032_eT2W_TSE_DRIVE_HR_20260304134706_602_i00006.nii.gz,0.492,336,336,5,0.595,0.595,4.4,1.559,int16,LAS,1,1,"[[-0.6, -0.01, -0.06, 81.61], [-0.01, 0.59, 0.66, -168.4], [-0.01, -0.09, 4.35, -411.55], [0.0, 0.0, 0.0, 1.0]]",0.0,2413.51,607.99,424.35,519.76,270155.53,2413.51,0.8549,7.1186,0.015346,0.252821,0.0,60798968.5059,60798968.5059,474044,90436
SP12,T1W,S82031_eT1W_TSE_CLEAR_20260305090906_802_i00005.nii.gz,C:\Users\Adil\Desktop\yugma\training_data_spine\Pathological Spine MRI Datasets\SP12\S82031_eT1W_TSE_CLEAR_20260305090906_802_i00005.nii.gz,0.284,224,224,5,0.714,0.714,4.4,2.245,int16,LAS,1,1,"[[-0.71, 0.0, -0.02, 75.93], [0.0, 0.71, 0.67, -108.53], [-0.0, -0.11, 4.35, -474.42], [0.0, 0.0, 0.0, 1.0]]",0.0,2455.43,1048.14,984.51,465.78,216955.19,2455.43,0.4444,7.2592,0.010054,0.292493,0.0,104813891.6016,104813891.6016,250736,144
SP8,T2W,S82032_eT2W_TSE_DRIVE_HR_20260304134706_602_i00006a.nii.gz,C:\Users\Adil\Desktop\yugma\training_data_spine\Normal Spine MRI Datasets\SP8\S82032_eT2W_TSE_DRIVE_HR_20260304134706_602_i00006a.nii.gz,0.492,336,336,5,0.595,0.595,4.4,1.559,int16,LAS,1,1,"[[-0.6, -0.01, -0.06, 81.61], [-0.01, 0.59, 0.66, -168.4], [-0.01, -0.09, 4.35, -411.55], [0.0, 0.0, 0.0, 1.0]]",0.0,2413.51,607.99,424.35,519.76,270155.53,2413.51,0.8549,7.1186,0.015346,0.252821,0.0,60798968.5059,60798968.5059,474044,90436
SP12,T1W,S82031_eT1W_TSE_CLEAR_20260305090906_802_i00010.nii.gz,C:\Users\Adil\Desktop\yugma\training_data_spine\Pathological Spine MRI Datasets\SP12\S82031_eT1W_TSE_CLEAR_20260305090906_802_i00010.nii.gz,0.175,224,224,3,0.714,0.714,4.4,2.245,int16,LAS,1,1,"[[-0.71, 0.0, -0.03, 76.05], [0.0, 0.71, -0.0, -108.6], [-0.0, 0.0, 4.4, -448.24], [0.0, 0.0, 0.0, 1.0]]",0.0,2996.32,1153.17,1035.09,528.2,278996.78,2996.32,0.458,7.1024,0.009365,0.275123,100.1721,11.5119,115316613.7695,150509,19
SP12,T1W,S82031_eT1W_TSE_CLEAR_20260305090906_802_i00005a.nii.gz,C:\Users\Adil\Desktop\yugma\training_data_spine\Pathological Spine MRI Datasets\SP12\S82031_eT1W_TSE_CLEAR_20260305090906_802_i00005a.nii.gz,0.284,224,224,5,0.714,0.714,4.4,2.245,int16,LAS,1,1,"[[-0.71, 0.0, -0.02, 75.93], [0.0, 0.71, 0.67, -108.53], [-0.0, -0.11, 4.35, -474.42], [0.0, 0.0, 0.0, 1.0]]",0.0,2455.43,1048.14,984.51,465.78,216955.19,2455.43,0.4444,7.2592,0.010054,0.292493,0.0,104813891.6016,104813891.6016,250736,144
SP12,T1W,S82031_eT1W_TSE_CLEAR_20260305090906_802_i00010a.nii.gz,C:\Users\Adil\Desktop\yugma\training_data_spine\Pathological Spine MRI Datasets\SP12\S82031_eT1W_TSE_CLEAR_20260305090906_802_i00010a.nii.gz,0.175,224,224,3,0.714,0.714,4.4,2.245,int16,LAS,1,1,"[[-0.71, 0.0, -0.03, 76.05], [0.0, 0.71, -0.0, -108.6], [-0.0, 0.0, 4.4, -448.24], [0.0, 0.0, 0.0, 1.0]]",0.0,2996.32,1153.17,1035.09,528.2,278996.78,2996.32,0.458,7.1024,0.009365,0.275123,100.1721,11.5119,115316613.7695,150509,19
SP12,T1W,S82031_eT1W_TSE_CLEAR_20260305090906_802_i00013.nii.gz,C:\Users\Adil\Desktop\yugma\training_data_spine\Pathological Spine MRI Datasets\SP12\S82031_eT1W_TSE_CLEAR_20260305090906_802_i00013.nii.gz,0.177,224,224,3,0.714,0.714,4.4,2.245,int16,LAS,1,1,"[[-0.71, -0.0, -0.02, 76.18], [0.0, 0.7, -0.77, -115.51], [-0.0, 0.12, 4.33, -429.9], [0.0, 0.0, 0.0, 1.0]]",0.0,2825.11,1172.39,1019.53,558.25,311640.62,2825.11,0.4762,7.4056,0.011548,0.291039,108.5651,10.7989,117238659.668,150496,32
SP12,T1W,S82031_eT1W_TSE_CLEAR_20260305090906_802_i00013a.nii.gz,C:\Users\Adil\Desktop\yugma\training_data_spine\Pathological Spine MRI Datasets\SP12\S82031_eT1W_TSE_CLEAR_20260305090906_802_i00013a.nii.gz,0.177,224,224,3,0.714,0.714,4.4,2.245,int16,LAS,1,1,"[[-0.71, -0.0, -0.02, 76.18], [0.0, 0.7, -0.77, -115.51], [-0.0, 0.12, 4.33, -429.9], [0.0, 0.0, 0.0, 1.0]]",0.0,2825.11,1172.39,1019.53,558.25,311640.62,2825.11,0.4762,7.4056,0.011548,0.291039,108.5651,10.7989,117238659.668,150496,32
SP12,T1W,S82031_eT1W_TSE_CLEAR_20260305090906_802_i00016.nii.gz,C:\Users\Adil\Desktop\yugma\training_data_spine\Pathological Spine MRI Datasets\SP12\S82031_eT1W_TSE_CLEAR_20260305090906_802_i00016.nii.gz,0.179,224,224,3,0.714,0.714,4.4,2.245,int16,LAS,1,1,"[[-0.71, -0.0, -0.06, 76.42], [0.0, 0.7, -0.94, -120.07], [-0.01, 0.15, 4.3, -400.29], [0.0, 0.0, 0.0, 1.0]]",0.0,3595.59,1115.88,937.81,575.2,330856.0,3595.59,0.5155,7.0434,0.008217,0.253227,133.9136,8.3328,111587976.0742,150428,100
SP12,T1W,S82031_eT1W_TSE_CLEAR_20260305090906_802_i00016a.nii.gz,C:\Users\Adil\Desktop\yugma\training_data_spine\Pathological Spine MRI Datasets\SP12\S82031_eT1W_TSE_CLEAR_20260305090906_802_i00016a.nii.gz,0.179,224,224,3,0.714,0.714,4.4,2.245,int16,LAS,1,1,"[[-0.71, -0.0, -0.06, 76.42], [0.0, 0.7, -0.94, -120.07], [-0.01, 0.15, 4.3, -400.29], [0.0, 0.0, 0.0, 1.0]]",0.0,3595.59,1115.88,937.81,575.2,330856.0,3595.59,0.5155,7.0434,0.008217,0.253227,133.9136,8.3328,111587976.0742,150428,100
SP12,T1W,S82031_eT1W_TSE_CLEAR_20260305090906_802_i00019.nii.gz,C:\Users\Adil\Desktop\yugma\training_data_spine\Pathological Spine MRI Datasets\SP12\S82031_eT1W_TSE_CLEAR_20260305090906_802_i00019.nii.gz,0.574,224,224,10,0.714,0.714,4.4,2.245,int16,LAS,1,1,"[[-0.71, -0.0, -0.06, 78.49], [0.0, 0.69, -1.04, -129.0], [-0.01, 0.17, 4.28, -372.66], [0.0, 0.0, 0.0, 1.0]]",0.0,3899.11,953.0,797.72,580.1,336514.5,3899.11,0.6087,6.7503,0.007287,0.226663,0.0,95300439.4531,95300439.4531,500564,1196
SP12,T1W,S82031_eT1W_TSE_CLEAR_20260305090906_802_i00019a.nii.gz,C:\Users\Adil\Desktop\yugma\training_data_spine\Pathological Spine MRI Datasets\SP12\S82031_eT1W_TSE_CLEAR_20260305090906_802_i00019a.nii.gz,0.574,224,224,10,0.714,0.714,4.4,2.245,int16,LAS,1,1,"[[-0.71, -0.0, -0.06, 78.49], [0.0, 0.69, -1.04, -129.0], [-0.01, 0.17, 4.28, -372.66], [0.0, 0.0, 0.0, 1.0]]",0.0,3899.11,953.0,797.72,580.1,336514.5,3899.11,0.6087,6.7503,0.007287,0.226663,0.0,95300439.4531,95300439.4531,500564,1196
SP12,T2W,S82031_eT2W_TSE_DRIVE_HR_20260305090906_702_i00001.nii.gz,C:\Users\Adil\Desktop\yugma\training_data_spine\Pathological Spine MRI Datasets\SP12\S82031_eT2W_TSE_DRIVE_HR_20260305090906_702_i00001.nii.gz,0.353,288,288,4,0.556,0.556,4.4,1.358,int16,LAS,1,1,"[[-0.56, 0.0, -0.03, 76.78], [-0.0, 0.49, 2.05, -109.6], [-0.0, -0.26, 3.89, -474.47], [0.0, 0.0, 0.0, 1.0]]",0.0,2326.42,776.88,764.53,471.15,221979.59,2326.42,0.6065,7.1304,0.007819,0.243348,0.0,77687719.7266,77687719.7266,331585,191
SP7,STIR,S82030_eeSTIR_TSE_COR_20260305081552_402.nii.gz,C:\Users\Adil\Desktop\yugma\training_data_spine\Normal Spine MRI Datasets\SP7\S82030_eeSTIR_TSE_COR_20260305081552_402.nii.gz,5.783,672,672,15,0.586,0.586,5.641,1.94,int16,LSP,1,1,"[[-0.59, -0.0, -0.02, 189.85], [0.0, -0.06, -5.61, 4.46], [-0.0, 0.58, -0.56, -631.49], [0.0, 0.0, 0.0, 1.0]]",0.0,2649.92,471.96,411.92,298.32,88993.55,2649.92,0.6321,6.2362,0.000485,0.101078,0.0,47195614.624,47195614.624,5395263,1378497
SP12,T2W,S82031_eT2W_TSE_DRIVE_HR_20260305090906_702_i00001a.nii.gz,C:\Users\Adil\Desktop\yugma\training_data_spine\Pathological Spine MRI Datasets\SP12\S82031_eT2W_TSE_DRIVE_HR_20260305090906_702_i00001a.nii.gz,0.353,288,288,4,0.556,0.556,4.4,1.358,int16,LAS,1,1,"[[-0.56, 0.0, -0.03, 76.78], [-0.0, 0.49, 2.05, -109.6], [-0.0, -0.26, 3.89, -474.47], [0.0, 0.0, 0.0, 1.0]]",0.0,2326.42,776.88,764.53,471.15,221979.59,2326.42,0.6065,7.1304,0.007819,0.243348,0.0,77687719.7266,77687719.7266,331585,191
SP12,T2W,S82031_eT2W_TSE_DRIVE_HR_20260305090906_702_i00005.nii.gz,C:\Users\Adil\Desktop\yugma\training_data_spine\Pathological Spine MRI Datasets\SP12\S82031_eT2W_TSE_DRIVE_HR_20260305090906_702_i00005.nii.gz,0.44,288,288,5,0.556,0.556,4.4,1.358,int16,LAS,1,1,"[[-0.56, 0.0, -0.02, 76.01], [0.0, 0.55, 0.67, -108.6], [-0.0, -0.08, 4.35, -474.41], [0.0, 0.0, 0.0, 1.0]]",0.0,2204.47,663.23,633.2,412.29,169980.5,2204.47,0.6216,7.2302,0.011187,0.265595,0.0,66322821.0449,66322821.0449,414351,369
SP12,T2W,S82031_eT2W_TSE_DRIVE_HR_20260305090906_702_i00005a.nii.gz,C:\Users\Adil\Desktop\yugma\training_data_spine\Pathological Spine MRI Datasets\SP12\S82031_eT2W_TSE_DRIVE_HR_20260305090906_702_i00005a.nii.gz,0.44,288,288,5,0.556,0.556,4.4,1.358,int16,LAS,1,1,"[[-0.56, 0.0, -0.02, 76.01], [0.0, 0.55, 0.67, -108.6], [-0.0, -0.08, 4.35, -474.41], [0.0, 0.0, 0.0, 1.0]]",0.0,2204.47,663.23,633.2,412.29,169980.5,2204.47,0.6216,7.2302,0.011187,0.265595,0.0,66322821.0449,66322821.0449,414351,369
SP8,T1W,S82032_eT1W_TSE_20260304134706_404a.nii.gz,C:\Users\Adil\Desktop\yugma\training_data_spine\Normal Spine MRI Datasets\SP8\S82032_eT1W_TSE_20260304134706_404a.nii.gz,2.773,560,560,15,0.672,0.672,4.4,1.985,int16,PSR,1,1,"[[-0.0, 0.01, 4.4, -48.66], [-0.67, -0.0, -0.01, 145.49], [0.0, 0.67, -0.1, -583.63], [0.0, 0.0, 0.0, 1.0]]",0.0,2675.54,490.32,416.32,295.02,87039.49,2675.54,0.6017,6.6191,0.001966,0.098711,0.0,49031900.0244,49031900.0244,2248151,2455849
SP8,T1W,S82032_eT1W_TSE_20260304134706_404.nii.gz,C:\Users\Adil\Desktop\yugma\training_data_spine\Normal Spine MRI Datasets\SP8\S82032_eT1W_TSE_20260304134706_404.nii.gz,2.773,560,560,15,0.672,0.672,4.4,1.985,int16,PSR,1,1,"[[-0.0, 0.01, 4.4, -48.66], [-0.67, -0.0, -0.01, 145.49], [0.0, 0.67, -0.1, -583.63], [0.0, 0.0, 0.0, 1.0]]",0.0,2675.54,490.32,416.32,295.02,87039.49,2675.54,0.6017,6.6191,0.001966,0.098711,0.0,49031900.0244,49031900.0244,2248151,2455849
SP12,T2W,S82031_eT2W_TSE_DRIVE_HR_20260305090906_702_i00010.nii.gz,C:\Users\Adil\Desktop\yugma\training_data_spine\Pathological Spine MRI Datasets\SP12\S82031_eT2W_TSE_DRIVE_HR_20260305090906_702_i00010.nii.gz,0.267,288,288,3,0.556,0.556,4.4,1.358,int16,LAS,1,1,"[[-0.56, 0.0, -0.03, 76.13], [0.0, 0.56, -0.0, -108.68], [-0.0, 0.0, 4.4, -448.24], [0.0, 0.0, 0.0, 1.0]]",0.0,2312.34,750.63,750.46,464.72,215962.97,2312.34,0.6191,7.236,0.012339,0.279848,0.0,75062811.2793,75062811.2793,248401,431
SP12,T2W,S82031_eT2W_TSE_DRIVE_HR_20260305090906_702_i00010a.nii.gz,C:\Users\Adil\Desktop\yugma\training_data_spine\Pathological Spine MRI Datasets\SP12\S82031_eT2W_TSE_DRIVE_HR_20260305090906_702_i00010a.nii.gz,0.267,288,288,3,0.556,0.556,4.4,1.358,int16,LAS,1,1,"[[-0.56, 0.0, -0.03, 76.13], [0.0, 0.56, -0.0, -108.68], [-0.0, 0.0, 4.4, -448.24], [0.0, 0.0, 0.0, 1.0]]",0.0,2312.34,750.63,750.46,464.72,215962.97,2312.34,0.6191,7.236,0.012339,0.279848,0.0,75062811.2793,75062811.2793,248401,431
SP7,T2W,S82030_SC_MobiView_eT2W_TSE_20260305081552_305.nii.gz,C:\Users\Adil\Desktop\yugma\training_data_spine\Normal Spine MRI Datasets\SP7\S82030_SC_MobiView_eT2W_TSE_20260305081552_305.nii.gz,3.922,512,970,12,0.726,0.726,4.4,2.318,int16,PSR,1,1,"[[-0.0, 0.01, 4.4, -37.69], [-0.73, 0.0, -0.01, 138.63], [0.0, 0.73, -0.05, -599.11], [0.0, 0.0, 0.0, 1.0]]",0.0,3314.59,548.42,277.6,457.6,209400.95,3314.59,0.8344,4.1467,0.003368,0.106899,0.0,54841833.4961,54841833.4961,5951652,8028
SP12,T2W,S82031_eT2W_TSE_DRIVE_HR_20260305090906_702_i00013.nii.gz,C:\Users\Adil\Desktop\yugma\training_data_spine\Pathological Spine MRI Datasets\SP12\S82031_eT2W_TSE_DRIVE_HR_20260305090906_702_i00013.nii.gz,0.267,288,288,3,0.556,0.556,4.4,1.358,int16,LAS,1,1,"[[-0.56, -0.0, -0.02, 76.26], [0.0, 0.55, -0.77, -115.59], [-0.0, 0.1, 4.33, -429.92], [0.0, 0.0, 0.0, 1.0]]",0.0,2195.09,747.66,745.77,442.19,195527.61,2195.09,0.5914,7.2689,0.013624,0.284501,0.0,74765856.9336,74765856.9336,248338,494
SP8,T2W,S82032_eT2W_TSE_20260304134706_303.nii.gz,C:\Users\Adil\Desktop\yugma\training_data_spine\Normal Spine MRI Datasets\SP8\S82032_eT2W_TSE_20260304134706_303.nii.gz,2.302,512,512,15,0.726,0.726,4.4,2.318,int16,PSR,1,1,"[[-0.0, 0.02, 4.4, -41.37], [-0.73, -0.0, -0.01, 143.2], [0.0, 0.73, -0.1, -247.59], [0.0, 0.0, 0.0, 1.0]]",0.0,2861.55,332.74,210.83,342.84,117538.39,2861.55,1.0303,6.2513,0.002896,0.112462,0.0,33274072.2656,33274072.2656,1805444,2126716
SP12,T2W,S82031_eT2W_TSE_DRIVE_HR_20260305090906_702_i00013a.nii.gz,C:\Users\Adil\Desktop\yugma\training_data_spine\Pathological Spine MRI Datasets\SP12\S82031_eT2W_TSE_DRIVE_HR_20260305090906_702_i00013a.nii.gz,0.267,288,288,3,0.556,0.556,4.4,1.358,int16,LAS,1,1,"[[-0.56, -0.0, -0.02, 76.26], [0.0, 0.55, -0.77, -115.59], [-0.0, 0.1, 4.33, -429.92], [0.0, 0.0, 0.0, 1.0]]",0.0,2195.09,747.66,745.77,442.19,195527.61,2195.09,0.5914,7.2689,0.013624,0.284501,0.0,74765856.9336,74765856.9336,248338,494
SP12,T2W,S82031_eT2W_TSE_DRIVE_HR_20260305090906_702_i00016.nii.gz,C:\Users\Adil\Desktop\yugma\training_data_spine\Pathological Spine MRI Datasets\SP12\S82031_eT2W_TSE_DRIVE_HR_20260305090906_702_i00016.nii.gz,0.269,288,288,3,0.556,0.556,4.4,1.358,int16,LAS,1,1,"[[-0.56, -0.0, -0.06, 76.5], [0.0, 0.54, -0.94, -120.15], [-0.01, 0.12, 4.3, -400.31], [0.0, 0.0, 0.0, 1.0]]",0.0,2181.01,682.82,651.96,409.39,167600.42,2181.01,0.5996,7.3198,0.013628,0.30133,0.0,68282202.1484,68282202.1484,248320,512
SP8,T2W,S82032_eT2W_TSE_20260304134706_304.nii.gz,C:\Users\Adil\Desktop\yugma\training_data_spine\Normal Spine MRI Datasets\SP8\S82032_eT2W_TSE_20260304134706_304.nii.gz,2.414,512,512,15,0.726,0.726,4.4,2.318,int16,PSR,1,1,"[[-0.0, 0.02, 4.4, -48.57], [-0.73, -0.0, -0.01, 143.21], [0.0, 0.73, -0.1, -579.12], [0.0, 0.0, 0.0, 1.0]]",0.0,2579.1,469.07,390.86,345.71,119514.52,2579.1,0.737,6.8366,0.00302,0.11989,0.0,46906900.0244,46906900.0244,1898592,2033568
SP12,T2W,S82031_eT2W_TSE_DRIVE_HR_20260305090906_702_i00016a.nii.gz,C:\Users\Adil\Desktop\yugma\training_data_spine\Pathological Spine MRI Datasets\SP12\S82031_eT2W_TSE_DRIVE_HR_20260305090906_702_i00016a.nii.gz,0.269,288,288,3,0.556,0.556,4.4,1.358,int16,LAS,1,1,"[[-0.56, -0.0, -0.06, 76.5], [0.0, 0.54, -0.94, -120.15], [-0.01, 0.12, 4.3, -400.31], [0.0, 0.0, 0.0, 1.0]]",0.0,2181.01,682.82,651.96,409.39,167600.42,2181.01,0.5996,7.3198,0.013628,0.30133,0.0,68282202.1484,68282202.1484,248320,512
SP8,T2W,S82032_eT2W_TSE_20260304134706_303a.nii.gz,C:\Users\Adil\Desktop\yugma\training_data_spine\Normal Spine MRI Datasets\SP8\S82032_eT2W_TSE_20260304134706_303a.nii.gz,2.302,512,512,15,0.726,0.726,4.4,2.318,int16,PSR,1,1,"[[-0.0, 0.02, 4.4, -41.37], [-0.73, -0.0, -0.01, 143.2], [0.0, 0.73, -0.1, -247.59], [0.0, 0.0, 0.0, 1.0]]",0.0,2861.55,332.74,210.83,342.84,117538.39,2861.55,1.0303,6.2513,0.002896,0.112462,0.0,33274072.2656,33274072.2656,1805444,2126716
SP8,T2W,S82032_eT2W_TSE_20260304134706_304a.nii.gz,C:\Users\Adil\Desktop\yugma\training_data_spine\Normal Spine MRI Datasets\SP8\S82032_eT2W_TSE_20260304134706_304a.nii.gz,2.414,512,512,15,0.726,0.726,4.4,2.318,int16,PSR,1,1,"[[-0.0, 0.02, 4.4, -48.57], [-0.73, -0.0, -0.01, 143.21], [0.0, 0.73, -0.1, -579.12], [0.0, 0.0, 0.0, 1.0]]",0.0,2579.1,469.07,390.86,345.71,119514.52,2579.1,0.737,6.8366,0.00302,0.11989,0.0,46906900.0244,46906900.0244,1898592,2033568
SP12,T2W,S82031_eT2W_TSE_DRIVE_HR_20260305090906_702_i00019.nii.gz,C:\Users\Adil\Desktop\yugma\training_data_spine\Pathological Spine MRI Datasets\SP12\S82031_eT2W_TSE_DRIVE_HR_20260305090906_702_i00019.nii.gz,0.848,288,288,10,0.556,0.556,4.4,1.358,int16,LAS,1,1,"[[-0.56, -0.0, -0.06, 78.57], [0.0, 0.54, -1.04, -129.08], [-0.01, 0.13, 4.28, -372.68], [0.0, 0.0, 0.0, 1.0]]",0.0,1941.81,508.56,440.89,369.65,136641.81,1941.81,0.7269,7.2323,0.011856,0.290286,0.0,50855630.4932,50855630.4932,825953,3487
SP12,T2W,S82031_eT2W_TSE_DRIVE_HR_20260305090906_702_i00019a.nii.gz,C:\Users\Adil\Desktop\yugma\training_data_spine\Pathological Spine MRI Datasets\SP12\S82031_eT2W_TSE_DRIVE_HR_20260305090906_702_i00019a.nii.gz,0.848,288,288,10,0.556,0.556,4.4,1.358,int16,LAS,1,1,"[[-0.56, -0.0, -0.06, 78.57], [0.0, 0.54, -1.04, -129.08], [-0.01, 0.13, 4.28, -372.68], [0.0, 0.0, 0.0, 1.0]]",0.0,1941.81,508.56,440.89,369.65,136641.81,1941.81,0.7269,7.2323,0.011856,0.290286,0.0,50855630.4932,50855630.4932,825953,3487
SP8,T1W,S82032_eT1W_TSE_20260304134706_403.nii.gz,C:\Users\Adil\Desktop\yugma\training_data_spine\Normal Spine MRI Datasets\SP8\S82032_eT1W_TSE_20260304134706_403.nii.gz,3.394,640,640,15,0.584,0.584,4.4,1.503,int16,PSR,1,1,"[[-0.0, 0.01, 4.4, -41.39], [-0.58, -0.0, -0.01, 144.48], [0.0, 0.58, -0.1, -248.86], [0.0, 0.0, 0.0, 1.0]]",0.0,2743.55,348.28,317.32,286.23,81930.26,2743.55,0.8219,6.2532,0.00114,0.077052,0.0,34828045.6543,34828045.6543,2750612,3393388
SP12,T2W,S82031_eT2W_TSE_20260305090906_303.nii.gz,C:\Users\Adil\Desktop\yugma\training_data_spine\Pathological Spine MRI Datasets\SP12\S82031_eT2W_TSE_20260305090906_303.nii.gz,2.026,512,512,12,0.726,0.726,4.4,2.318,int16,PSR,1,1,"[[-0.0, 0.0, 4.4, -26.86], [-0.73, 0.0, -0.0, 147.59], [0.0, 0.73, -0.02, -285.08], [0.0, 0.0, 0.0, 1.0]]",0.0,2365.62,492.92,336.76,477.73,228226.97,2365.62,0.9692,6.9984,0.001886,0.108934,0.0,49292324.8291,49292324.8291,1499009,1646719
SP12,T2W,S82031_eT2W_TSE_20260305090906_304.nii.gz,C:\Users\Adil\Desktop\yugma\training_data_spine\Pathological Spine MRI Datasets\SP12\S82031_eT2W_TSE_20260305090906_304.nii.gz,2.087,512,512,12,0.726,0.726,4.4,2.318,int16,PSR,1,1,"[[-0.0, 0.0, 4.4, -28.25], [-0.73, 0.0, -0.0, 147.59], [0.0, 0.73, -0.02, -616.69], [0.0, 0.0, 0.0, 1.0]]",0.0,2526.18,647.54,563.23,445.04,198058.02,2526.18,0.6873,7.2743,0.003133,0.116528,0.0,64753521.7285,64753521.7285,1518831,1626897
SP12,T2W,S82031_eT2W_TSE_20260305090906_303a.nii.gz,C:\Users\Adil\Desktop\yugma\training_data_spine\Pathological Spine MRI Datasets\SP12\S82031_eT2W_TSE_20260305090906_303a.nii.gz,2.026,512,512,12,0.726,0.726,4.4,2.318,int16,PSR,1,1,"[[-0.0, 0.0, 4.4, -26.86], [-0.73, 0.0, -0.0, 147.59], [0.0, 0.73, -0.02, -285.08], [0.0, 0.0, 0.0, 1.0]]",0.0,2365.62,492.92,336.76,477.73,228226.97,2365.62,0.9692,6.9984,0.001886,0.108934,0.0,49292324.8291,49292324.8291,1499009,1646719
SP8,T1W,S82032_eT1W_TSE_20260304134706_403a.nii.gz,C:\Users\Adil\Desktop\yugma\training_data_spine\Normal Spine MRI Datasets\SP8\S82032_eT1W_TSE_20260304134706_403a.nii.gz,3.394,640,640,15,0.584,0.584,4.4,1.503,int16,PSR,1,1,"[[-0.0, 0.01, 4.4, -41.39], [-0.58, -0.0, -0.01, 144.48], [0.0, 0.58, -0.1, -248.86], [0.0, 0.0, 0.0, 1.0]]",0.0,2743.55,348.28,317.32,286.23,81930.26,2743.55,0.8219,6.2532,0.00114,0.077052,0.0,34828045.6543,34828045.6543,2750612,3393388
SP12,T2W,S82031_eT2W_TSE_20260305090906_304a.nii.gz,C:\Users\Adil\Desktop\yugma\training_data_spine\Pathological Spine MRI Datasets\SP12\S82031_eT2W_TSE_20260305090906_304a.nii.gz,2.087,512,512,12,0.726,0.726,4.4,2.318,int16,PSR,1,1,"[[-0.0, 0.0, 4.4, -28.25], [-0.73, 0.0, -0.0, 147.59], [0.0, 0.73, -0.02, -616.69], [0.0, 0.0, 0.0, 1.0]]",0.0,2526.18,647.54,563.23,445.04,198058.02,2526.18,0.6873,7.2743,0.003133,0.116528,0.0,64753521.7285,64753521.7285,1518831,1626897
SP15,T2W,S82041_eT2W_TSE_DRIVE_HR_20260306093302_602_i00011.nii.gz,C:\Users\Adil\Desktop\yugma\training_data_spine\Pathological Spine MRI Datasets\SP15\S82041_eT2W_TSE_DRIVE_HR_20260306093302_602_i00011.nii.gz,0.326,256,256,6,0.586,0.586,4.4,1.511,int16,LAS,1,1,"[[-0.59, -0.0, 0.0, 85.02], [-0.0, 0.58, 0.83, -151.07], [0.0, -0.11, 4.32, -117.41], [0.0, 0.0, 0.0, 1.0]]",0.0,2399.05,397.51,213.87,390.16,152221.86,2399.05,0.9815,6.6759,0.011255,0.269473,0.0,39751068.1152,39751068.1152,361035,32181
SP15,T2W,S82041_eT2W_TSE_DRIVE_HR_20260306093302_602_i00001.nii.gz,C:\Users\Adil\Desktop\yugma\training_data_spine\Pathological Spine MRI Datasets\SP15\S82041_eT2W_TSE_DRIVE_HR_20260306093302_602_i00001.nii.gz,0.634,256,256,10,0.586,0.586,4.4,1.511,int16,LAS,1,1,"[[-0.59, -0.0, 0.0, 76.42], [-0.0, 0.58, 0.39, -138.35], [0.0, -0.05, 4.38, -399.29], [0.0, 0.0, 0.0, 1.0]]",0.0,2547.83,637.51,557.92,447.5,200254.73,2547.83,0.7019,7.2628,0.010947,0.321518,0.0,63751489.2578,63751489.2578,651092,4268
SP15,STIR,S82041_eSTIR_TSE_20260306093302_503.nii.gz,C:\Users\Adil\Desktop\yugma\training_data_spine\Pathological Spine MRI Datasets\SP15\S82041_eSTIR_TSE_20260306093302_503.nii.gz,1.576,432,432,15,0.865,0.865,4.4,3.295,int16,PSR,1,1,"[[-0.0, 0.03, 4.4, -34.06], [-0.87, -0.0, -0.02, 142.31], [0.0, 0.87, -0.13, -262.18], [0.0, 0.0, 0.0, 1.0]]",0.0,2266.08,387.31,317.75,323.05,104358.28,2266.08,0.8341,6.7686,0.002074,0.114777,0.0,38731411.7432,38731411.7432,1261985,1537375
SP15,STIR,S82041_eSTIR_TSE_20260306093302_504.nii.gz,C:\Users\Adil\Desktop\yugma\training_data_spine\Pathological Spine MRI Datasets\SP15\S82041_eSTIR_TSE_20260306093302_504.nii.gz,1.565,432,432,15,0.865,0.865,4.4,3.295,int16,PSR,1,1,"[[-0.0, 0.03, 4.4, -43.91], [-0.87, -0.0, -0.02, 142.32], [0.0, 0.87, -0.13, -595.88], [0.0, 0.0, 0.0, 1.0]]",0.0,3022.22,560.81,501.9,340.5,115937.84,3022.22,0.6072,6.7194,0.002616,0.127542,0.0,56081024.1699,56081024.1699,1341993,1457367
SP12,T1W,S82031_T1W_TSE_sag_20260305090906_501a.nii.gz,C:\Users\Adil\Desktop\yugma\training_data_spine\Pathological Spine MRI Datasets\SP12\S82031_T1W_TSE_sag_20260305090906_501a.nii.gz,2.21,448,448,16,0.789,0.789,3.85,2.4,int16,PSR,1,1,"[[-0.0, -0.0, 3.85, -30.24], [-0.79, 0.01, -0.01, 145.55], [0.01, 0.79, 0.02, -661.04], [0.0, 0.0, 0.0, 1.0]]",0.0,2272.8,823.57,683.91,455.61,207580.72,2272.8,0.5532,7.3956,0.00587,0.150103,0.0,82356640.625,82356640.625,1634286,1576978
SP12,T1W,S82031_T1W_TSE_sag_20260305090906_501.nii.gz,C:\Users\Adil\Desktop\yugma\training_data_spine\Pathological Spine MRI Datasets\SP12\S82031_T1W_TSE_sag_20260305090906_501.nii.gz,2.21,448,448,16,0.789,0.789,3.85,2.4,int16,PSR,1,1,"[[-0.0, -0.0, 3.85, -30.24], [-0.79, 0.01, -0.01, 145.55], [0.01, 0.79, 0.02, -661.04], [0.0, 0.0, 0.0, 1.0]]",0.0,2272.8,823.57,683.91,455.61,207580.72,2272.8,0.5532,7.3956,0.00587,0.150103,0.0,82356640.625,82356640.625,1634286,1576978
SP15,T1W,S82041_eT1W_TSE_20260306093302_404.nii.gz,C:\Users\Adil\Desktop\yugma\training_data_spine\Pathological Spine MRI Datasets\SP15\S82041_eT1W_TSE_20260306093302_404.nii.gz,2.964,560,560,15,0.672,0.672,4.4,1.985,int16,PSR,1,1,"[[-0.0, 0.02, 4.4, -43.92], [-0.67, -0.0, -0.02, 143.56], [0.0, 0.67, -0.13, -596.47], [0.0, 0.0, 0.0, 1.0]]",0.0,2525.19,538.99,466.44,338.41,114523.43,2525.19,0.6279,6.9405,0.001282,0.094203,0.0,53898651.123,53898651.123,2238009,2465991
SP15,T1W,S82041_eT1W_TSE_20260306093302_403.nii.gz,C:\Users\Adil\Desktop\yugma\training_data_spine\Pathological Spine MRI Datasets\SP15\S82041_eT1W_TSE_20260306093302_403.nii.gz,3.073,576,576,15,0.643,0.643,4.4,1.818,int16,PSR,1,1,"[[-0.0, 0.02, 4.4, -34.02], [-0.64, -0.0, -0.02, 140.64], [0.0, 0.64, -0.13, -260.52], [0.0, 0.0, 0.0, 1.0]]",0.0,2720.47,411.28,339.16,356.19,126870.99,2720.47,0.8661,6.5184,0.001075,0.085538,0.0,41128012.085,41128012.085,2338029,2638611
SP15,T2W,S82041_eT2W_TSE_20260306093302_303.nii.gz,C:\Users\Adil\Desktop\yugma\training_data_spine\Pathological Spine MRI Datasets\SP15\S82041_eT2W_TSE_20260306093302_303.nii.gz,2.496,512,512,15,0.726,0.726,4.4,2.318,int16,PSR,1,1,"[[-0.0, 0.02, 4.4, -34.04], [-0.73, -0.0, -0.02, 141.26], [0.0, 0.73, -0.13, -261.14], [0.0, 0.0, 0.0, 1.0]]",0.0,2545.91,430.21,319.39,394.0,155235.23,2545.91,0.9158,6.7392,0.00183,0.110878,0.0,43020776.3672,43020776.3672,1862046,2070114
SP15,T2W,S82041_eT2W_TSE_20260306093302_304.nii.gz,C:\Users\Adil\Desktop\yugma\training_data_spine\Pathological Spine MRI Datasets\SP15\S82041_eT2W_TSE_20260306093302_304.nii.gz,2.538,512,512,15,0.726,0.726,4.4,2.318,int16,PSR,1,1,"[[-0.0, 0.02, 4.4, -43.79], [-0.73, -0.0, -0.02, 141.28], [0.0, 0.73, -0.13, -591.76], [0.0, 0.0, 0.0, 1.0]]",0.0,2526.31,552.14,494.8,380.66,144903.72,2526.31,0.6894,7.0765,0.002036,0.113726,0.0,55214300.5371,55214300.5371,1888541,2043619
SP17,T2W,S82170_eT2W_TSE_DRIVE_HR_20260221100326_602_i00001.nii.gz,C:\Users\Adil\Desktop\yugma\training_data_spine\Pathological Spine MRI Datasets\SP17\S82170_eT2W_TSE_DRIVE_HR_20260221100326_602_i00001.nii.gz,0.616,336,336,5,0.595,0.595,4.4,1.559,int16,LAS,1,1,"[[-0.6, -0.01, -0.06, 91.97], [-0.01, 0.55, 1.61, -141.55], [-0.01, -0.22, 4.09, -409.04], [0.0, 0.0, 0.0, 1.0]]",0.0,3292.86,806.99,831.57,532.93,284018.62,3292.86,0.6604,6.9254,0.008239,0.220618,0.0,80699291.9922,80699291.9922,560322,4158
SP17,T2W,S82170_eT2W_TSE_DRIVE_HR_20260221100326_602_i00006.nii.gz,C:\Users\Adil\Desktop\yugma\training_data_spine\Pathological Spine MRI Datasets\SP17\S82170_eT2W_TSE_DRIVE_HR_20260221100326_602_i00006.nii.gz,0.606,336,336,5,0.595,0.595,4.4,1.559,int16,LAS,1,1,"[[-0.6, -0.01, -0.06, 91.86], [-0.01, 0.58, 1.02, -137.05], [-0.01, -0.14, 4.28, -396.71], [0.0, 0.0, 0.0, 1.0]]",0.0,2933.49,760.17,781.43,554.32,307270.44,2933.49,0.7292,6.861,0.010487,0.224207,0.0,76017089.8438,76017089.8438,560134,4346
SP17,T2W,S82170_eT2W_TSE_DRIVE_HR_20260221100326_602_i00011.nii.gz,C:\Users\Adil\Desktop\yugma\training_data_spine\Pathological Spine MRI Datasets\SP17\S82170_eT2W_TSE_DRIVE_HR_20260221100326_602_i00011.nii.gz,0.364,336,336,3,0.595,0.595,4.4,1.559,int16,LAS,1,1,"[[-0.6, -0.01, -0.06, 91.64], [-0.01, 0.59, 0.15, -135.55], [-0.01, -0.02, 4.4, -383.41], [0.0, 0.0, 0.0, 1.0]]",0.0,2549.04,737.3,651.89,566.01,320367.53,2549.04,0.7677,7.0395,0.013164,0.248598,0.0,73730377.1973,73730377.1973,335181,3507
SP17,T2W,S82170_eT2W_TSE_DRIVE_HR_20260221100326_602_i00014.nii.gz,C:\Users\Adil\Desktop\yugma\training_data_spine\Pathological Spine MRI Datasets\SP17\S82170_eT2W_TSE_DRIVE_HR_20260221100326_602_i00014.nii.gz,0.359,336,336,3,0.595,0.595,4.4,1.559,int16,LAS,1,1,"[[-0.6, -0.0, -0.06, 91.63], [-0.0, 0.59, -0.38, -138.64], [-0.01, 0.05, 4.38, -364.03], [0.0, 0.0, 0.0, 1.0]]",0.0,2523.97,722.91,630.99,567.7,322288.81,2523.97,0.7853,7.139,0.013946,0.263821,0.0,72291125.4883,72291125.4883,328294,10394
SP17,T2W,S82170_eT2W_TSE_DRIVE_HR_20260221100326_602_i00017.nii.gz,C:\Users\Adil\Desktop\yugma\training_data_spine\Pathological Spine MRI Datasets\SP17\S82170_eT2W_TSE_DRIVE_HR_20260221100326_602_i00017.nii.gz,0.702,336,336,6,0.595,0.595,4.4,1.559,int16,LAS,1,1,"[[-0.6, -0.0, -0.06, 91.65], [-0.0, 0.59, -0.78, -141.61], [-0.01, 0.11, 4.33, -342.22], [0.0, 0.0, 0.0, 1.0]]",0.0,2461.29,623.81,585.03,476.46,227017.19,2461.29,0.7638,7.1083,0.013569,0.276164,0.0,62381408.6914,62381408.6914,650467,26909
SP17,T1W_GADO,S82170_T1W_TSE_GADO_POST_20260221100326_901_i00001.nii.gz,C:\Users\Adil\Desktop\yugma\training_data_spine\Pathological Spine MRI Datasets\SP17\S82170_T1W_TSE_GADO_POST_20260221100326_901_i00001.nii.gz,1.051,224,224,20,0.893,0.893,4.4,3.508,int16,LAS,1,1,"[[-0.89, -0.01, -0.06, 96.03], [-0.01, 0.88, 0.66, -146.85], [-0.01, -0.13, 4.35, -443.2], [0.0, 0.0, 0.0, 1.0]]",0.0,4907.13,281.35,271.52,209.7,43974.83,4907.13,0.7453,5.0777,0.003713,0.135586,0.0,28135403.4424,28135403.4424,987624,15896
SP12,T2W,S82031_SC_MobiView_eT2W_TSE_20260305090906_305.nii.gz,C:\Users\Adil\Desktop\yugma\training_data_spine\Pathological Spine MRI Datasets\SP12\S82031_SC_MobiView_eT2W_TSE_20260305090906_305.nii.gz,4.029,512,970,12,0.726,0.726,4.4,2.318,int16,PSR,1,1,"[[-0.0, 0.0, 4.4, -28.26], [-0.73, 0.0, -0.0, 147.59], [0.0, 0.73, -0.02, -617.49], [0.0, 0.0, 0.0, 1.0]]",0.0,3119.08,581.38,260.44,504.57,254590.83,3119.08,0.8679,4.3352,0.003655,0.103896,0.0,58137500.0,58137500.0,5951652,8028
SP17,T2W,S82170_eT2W_TSE_20260221100326_303.nii.gz,C:\Users\Adil\Desktop\yugma\training_data_spine\Pathological Spine MRI Datasets\SP17\S82170_eT2W_TSE_20260221100326_303.nii.gz,2.427,512,512,15,0.726,0.726,4.4,2.318,int16,PSR,1,1,"[[-0.0, 0.01, 4.4, -37.36], [-0.73, -0.0, -0.0, 136.91], [0.0, 0.73, -0.07, -237.03], [0.0, 0.0, 0.0, 1.0]]",0.0,2394.65,448.66,317.96,436.26,190320.88,2394.65,0.9724,6.8347,0.00265,0.125237,0.0,44865695.1904,44865695.1904,1807795,2124365
SP17,T1W,S82170_eT1W_TSE_20260221100326_404.nii.gz,C:\Users\Adil\Desktop\yugma\training_data_spine\Pathological Spine MRI Datasets\SP17\S82170_eT1W_TSE_20260221100326_404.nii.gz,3.091,560,560,15,0.672,0.672,4.4,1.985,int16,PSR,1,1,"[[-0.0, 0.0, 4.4, -39.59], [-0.67, 0.0, -0.0, 139.18], [0.0, 0.67, -0.03, -574.65], [0.0, 0.0, 0.0, 1.0]]",0.0,4559.28,592.76,522.34,403.75,163018.03,4559.28,0.6811,6.2389,0.001163,0.100076,0.0,59275695.8008,59275695.8008,2236198,2467802
SP15,STIR,S82041_SC_MobiView_eSTIR_TSE_20260306093302_505.nii.gz,C:\Users\Adil\Desktop\yugma\training_data_spine\Pathological Spine MRI Datasets\SP15\S82041_SC_MobiView_eSTIR_TSE_20260306093302_505.nii.gz,3.171,432,819,15,0.865,0.865,4.398,3.294,int16,PSR,1,1,"[[-0.0, 0.03, 4.4, -43.94], [-0.87, -0.0, -0.02, 142.32], [0.0, 0.87, -0.13, -596.94], [0.0, 0.0, 0.0, 1.0]]",0.0,3501.81,592.48,292.4,451.4,203760.72,3501.81,0.7619,4.1531,0.004083,0.115587,0.0,59247680.6641,59247680.6641,5298645,8475
SP12,T2W,S82031_SC_MobiView_eT2W_TSE_20260305090906_305a.nii.gz,C:\Users\Adil\Desktop\yugma\training_data_spine\Pathological Spine MRI Datasets\SP12\S82031_SC_MobiView_eT2W_TSE_20260305090906_305a.nii.gz,4.029,512,970,12,0.726,0.726,4.4,2.318,int16,PSR,1,1,"[[-0.0, 0.0, 4.4, -28.26], [-0.73, 0.0, -0.0, 147.59], [0.0, 0.73, -0.02, -617.49], [0.0, 0.0, 0.0, 1.0]]",0.0,3119.08,581.38,260.44,504.57,254590.83,3119.08,0.8679,4.3352,0.003655,0.103896,0.0,58137500.0,58137500.0,5951652,8028
SP17,T2W,S82170_eT2W_TSE_20260221100326_304.nii.gz,C:\Users\Adil\Desktop\yugma\training_data_spine\Pathological Spine MRI Datasets\SP17\S82170_eT2W_TSE_20260221100326_304.nii.gz,2.584,512,512,15,0.726,0.726,4.4,2.318,int16,PSR,1,1,"[[-0.0, 0.01, 4.4, -42.3], [-0.73, -0.0, -0.0, 136.91], [0.0, 0.73, -0.07, -568.61], [0.0, 0.0, 0.0, 1.0]]",0.0,4252.8,638.92,609.49,437.52,191426.02,4252.8,0.6848,6.4874,0.002288,0.116366,0.0,63892065.4297,63892065.4297,1885993,2046167
SP17,T1W_GADO,S82170_T1W_TSE_GADO_POST_20260221100326_901_i00021.nii.gz,C:\Users\Adil\Desktop\yugma\training_data_spine\Pathological Spine MRI Datasets\SP17\S82170_T1W_TSE_GADO_POST_20260221100326_901_i00021.nii.gz,1.091,224,224,20,0.893,0.893,4.4,3.508,int16,LAS,1,1,"[[-0.89, -0.01, -0.06, 96.89], [-0.01, 0.89, -0.21, -127.32], [-0.01, 0.04, 4.39, -367.2], [0.0, 0.0, 0.0, 1.0]]",0.0,1883.37,355.0,318.42,288.84,83428.45,1883.37,0.8136,6.7997,0.006078,0.214167,0.0,35500015.2588,35500015.2588,998843,4677
SP18,T1W,S82212_eT1W_TSE_CLEAR_20260225155723_802_i00008.nii.gz,C:\Users\Adil\Desktop\yugma\training_data_spine\Pathological Spine MRI Datasets\SP18\S82212_eT1W_TSE_CLEAR_20260225155723_802_i00008.nii.gz,0.24,224,224,4,0.714,0.714,4.4,2.245,int16,LAS,1,1,"[[-0.71, 0.01, -0.17, 85.04], [-0.0, 0.7, 0.81, -131.53], [-0.03, -0.13, 4.32, -465.9], [0.0, 0.0, 0.0, 1.0]]",0.0,2007.33,678.71,604.89,361.99,131038.6,2007.33,0.5333,7.2646,0.004965,0.254798,0.0,67871496.582,67871496.582,199830,874
SP18,T1W,S82212_eT1W_TSE_CLEAR_20260225155723_802_i00012.nii.gz,C:\Users\Adil\Desktop\yugma\training_data_spine\Pathological Spine MRI Datasets\SP18\S82212_eT1W_TSE_CLEAR_20260225155723_802_i00012.nii.gz,0.241,224,224,4,0.714,0.714,4.4,2.245,int16,LAS,1,1,"[[-0.71, 0.0, -0.17, 85.02], [0.0, 0.71, 0.24, -129.86], [-0.03, -0.04, 4.39, -443.89], [0.0, 0.0, 0.0, 1.0]]",0.0,2320.14,744.56,693.97,397.28,157830.22,2320.14,0.5336,7.1818,0.004139,0.214327,0.0,74455523.6816,74455523.6816,200096,608
SP17,T1W_GADO,S82170_T1W_TSE_GADO_PRE_20260221100326_701_i00001.nii.gz,C:\Users\Adil\Desktop\yugma\training_data_spine\Pathological Spine MRI Datasets\SP17\S82170_T1W_TSE_GADO_PRE_20260221100326_701_i00001.nii.gz,0.983,224,224,20,0.893,0.893,4.4,3.508,int16,LAS,1,1,"[[-0.89, -0.01, -0.06, 96.03], [-0.01, 0.88, 0.66, -146.85], [-0.01, -0.13, 4.35, -443.2], [0.0, 0.0, 0.0, 1.0]]",0.0,4629.25,239.04,234.28,180.6,32617.03,4629.25,0.7555,4.8659,0.00368,0.120453,0.0,23903529.3579,23903529.3579,984097,19423
SP18,T1W,S82212_eT1W_TSE_CLEAR_20260225155723_802_i00001.nii.gz,C:\Users\Adil\Desktop\yugma\training_data_spine\Pathological Spine MRI Datasets\SP18\S82212_eT1W_TSE_CLEAR_20260225155723_802_i00001.nii.gz,0.421,224,224,7,0.714,0.714,4.4,2.245,int16,LAS,1,1,"[[-0.71, 0.01, -0.17, 86.83], [-0.01, 0.65, 1.89, -136.0], [-0.03, -0.31, 3.97, -479.34], [0.0, 0.0, 0.0, 1.0]]",0.0,2183.41,648.53,573.82,368.52,135805.06,2183.41,0.5682,7.1918,0.00379,0.241481,0.0,64853094.4824,64853094.4824,349968,1264
SP18,T1W,S82212_eT1W_TSE_CLEAR_20260225155723_802_i00020.nii.gz,C:\Users\Adil\Desktop\yugma\training_data_spine\Pathological Spine MRI Datasets\SP18\S82212_eT1W_TSE_CLEAR_20260225155723_802_i00020.nii.gz,0.178,224,224,3,0.714,0.714,4.4,2.245,int16,LAS,1,1,"[[-0.71, 0.0, -0.17, 82.47], [0.01, 0.7, -0.72, -137.29], [-0.03, 0.12, 4.34, -393.01], [0.0, 0.0, 0.0, 1.0]]",0.0,2197.92,670.89,611.11,358.26,128352.83,2197.92,0.534,7.0689,0.003603,0.201955,0.0,67089086.9141,67089086.9141,149671,857
SP17,T1W_GADO,S82170_T1W_TSE_GADO_PRE_20260221100326_701_i00021.nii.gz,C:\Users\Adil\Desktop\yugma\training_data_spine\Pathological Spine MRI Datasets\SP17\S82170_T1W_TSE_GADO_PRE_20260221100326_701_i00021.nii.gz,1.023,224,224,20,0.893,0.893,4.4,3.508,int16,LAS,1,1,"[[-0.89, -0.01, -0.06, 96.89], [-0.01, 0.89, -0.21, -127.32], [-0.01, 0.04, 4.39, -367.2], [0.0, 0.0, 0.0, 1.0]]",0.0,1654.11,286.26,279.45,189.24,35810.1,1654.11,0.6611,6.6233,0.007503,0.211597,0.0,28625823.9746,28625823.9746,998086,5434
SP18,T1W,S82212_eT1W_TSE_CLEAR_20260225155723_802_i00016.nii.gz,C:\Users\Adil\Desktop\yugma\training_data_spine\Pathological Spine MRI Datasets\SP18\S82212_eT1W_TSE_CLEAR_20260225155723_802_i00016.nii.gz,0.24,224,224,4,0.714,0.714,4.4,2.245,int16,LAS,1,1,"[[-0.71, 0.0, -0.17, 85.03], [0.01, 0.71, -0.34, -133.53], [-0.03, 0.06, 4.38, -422.08], [0.0, 0.0, 0.0, 1.0]]",0.0,2212.42,726.57,683.61,387.51,150160.91,2212.42,0.5333,7.2052,0.005328,0.212995,0.0,72656933.5938,72656933.5938,199550,1154
SP18,T1W,S82212_eT1W_TSE_CLEAR_20260225155723_802_i00023.nii.gz,C:\Users\Adil\Desktop\yugma\training_data_spine\Pathological Spine MRI Datasets\SP18\S82212_eT1W_TSE_CLEAR_20260225155723_802_i00023.nii.gz,0.177,224,224,3,0.714,0.714,4.4,2.245,int16,LAS,1,1,"[[-0.71, 0.0, -0.17, 82.44], [0.01, 0.71, -0.62, -140.73], [-0.03, 0.1, 4.35, -358.45], [0.0, 0.0, 0.0, 1.0]]",0.0,2378.14,622.14,569.68,340.3,115803.78,2378.14,0.547,6.826,0.003162,0.191582,0.0,62214160.1562,62214160.1562,149676,852
SP18,T1W,S82212_eT1W_TSE_CLEAR_20260225155723_902_i00008.nii.gz,C:\Users\Adil\Desktop\yugma\training_data_spine\Pathological Spine MRI Datasets\SP18\S82212_eT1W_TSE_CLEAR_20260225155723_902_i00008.nii.gz,0.246,224,224,4,0.714,0.714,4.4,2.245,int16,LAS,1,1,"[[-0.71, 0.01, -0.17, 85.04], [-0.0, 0.7, 0.81, -131.53], [-0.03, -0.13, 4.32, -465.9], [0.0, 0.0, 0.0, 1.0]]",0.0,2105.04,651.28,559.68,367.06,134729.72,2105.04,0.5636,7.1848,0.005774,0.280529,0.0,65128118.8965,65128118.8965,199762,942
SP18,T1W,S82212_eT1W_TSE_CLEAR_20260225155723_902_i00012.nii.gz,C:\Users\Adil\Desktop\yugma\training_data_spine\Pathological Spine MRI Datasets\SP18\S82212_eT1W_TSE_CLEAR_20260225155723_902_i00012.nii.gz,0.247,224,224,4,0.714,0.714,4.4,2.245,int16,LAS,1,1,"[[-0.71, 0.0, -0.17, 85.02], [0.0, 0.71, 0.24, -129.86], [-0.03, -0.04, 4.39, -443.89], [0.0, 0.0, 0.0, 1.0]]",0.0,2324.27,718.79,657.71,399.84,159870.19,2324.27,0.5563,7.1605,0.005282,0.24499,0.0,71878894.043,71878894.043,200037,667
SP18,T1W,S82212_eT1W_TSE_CLEAR_20260225155723_902_i00016.nii.gz,C:\Users\Adil\Desktop\yugma\training_data_spine\Pathological Spine MRI Datasets\SP18\S82212_eT1W_TSE_CLEAR_20260225155723_902_i00016.nii.gz,0.246,224,224,4,0.714,0.714,4.4,2.245,int16,LAS,1,1,"[[-0.71, 0.0, -0.17, 85.03], [0.01, 0.71, -0.34, -133.53], [-0.03, 0.06, 4.38, -422.08], [0.0, 0.0, 0.0, 1.0]]",0.0,2436.56,689.27,629.19,387.77,150366.95,2436.56,0.5626,7.0557,0.006852,0.235314,0.0,68927062.9883,68927062.9883,199577,1127
SP18,T1W,S82212_eT1W_TSE_CLEAR_20260225155723_902_i00020.nii.gz,C:\Users\Adil\Desktop\yugma\training_data_spine\Pathological Spine MRI Datasets\SP18\S82212_eT1W_TSE_CLEAR_20260225155723_902_i00020.nii.gz,0.184,224,224,3,0.714,0.714,4.4,2.245,int16,LAS,1,1,"[[-0.71, 0.0, -0.17, 82.47], [0.01, 0.7, -0.72, -137.29], [-0.03, 0.12, 4.34, -393.01], [0.0, 0.0, 0.0, 1.0]]",0.0,2315.36,645.49,579.29,360.26,129784.36,2315.36,0.5581,7.0139,0.005201,0.225472,0.0,64548785.4004,64548785.4004,149508,1020
SP18,T1W,S82212_eT1W_TSE_CLEAR_20260225155723_902_i00001.nii.gz,C:\Users\Adil\Desktop\yugma\training_data_spine\Pathological Spine MRI Datasets\SP18\S82212_eT1W_TSE_CLEAR_20260225155723_902_i00001.nii.gz,0.432,224,224,7,0.714,0.714,4.4,2.245,int16,LAS,1,1,"[[-0.71, 0.01, -0.17, 86.83], [-0.01, 0.65, 1.89, -136.0], [-0.03, -0.31, 3.97, -479.34], [0.0, 0.0, 0.0, 1.0]]",0.0,2522.12,617.8,536.51,363.46,132102.69,2522.12,0.5883,6.9601,0.0042,0.256577,0.0,61779510.498,61779510.498,349913,1319
SP18,T1W,S82212_eT1W_TSE_CLEAR_20260225155723_902_i00023.nii.gz,C:\Users\Adil\Desktop\yugma\training_data_spine\Pathological Spine MRI Datasets\SP18\S82212_eT1W_TSE_CLEAR_20260225155723_902_i00023.nii.gz,0.182,224,224,3,0.714,0.714,4.4,2.245,int16,LAS,1,1,"[[-0.71, 0.0, -0.17, 82.44], [0.01, 0.71, -0.62, -140.73], [-0.03, 0.1, 4.35, -358.45], [0.0, 0.0, 0.0, 1.0]]",0.0,2304.67,598.31,550.77,337.8,114105.84,2304.67,0.5646,6.9079,0.004975,0.225745,0.0,59830926.5137,59830926.5137,149576,952
SP17,T1W,S82170_eT1W_TSE_20260221100326_403.nii.gz,C:\Users\Adil\Desktop\yugma\training_data_spine\Pathological Spine MRI Datasets\SP17\S82170_eT1W_TSE_20260221100326_403.nii.gz,3.597,640,640,15,0.584,0.584,4.4,1.503,int16,PSR,1,1,"[[-0.0, 0.0, 4.4, -37.39], [-0.58, 0.0, -0.0, 138.17], [0.0, 0.58, -0.03, -238.58], [0.0, 0.0, 0.0, 1.0]]",0.0,2320.87,437.35,335.31,404.48,163608.06,2320.87,0.9249,6.7458,0.000749,0.08638,0.0,43734909.0576,43734909.0576,2795280,3348720
SP17,T1W_GADO,S82170_T1W_TSE_POST_20260221100326_1001.nii.gz,C:\Users\Adil\Desktop\yugma\training_data_spine\Pathological Spine MRI Datasets\SP17\S82170_T1W_TSE_POST_20260221100326_1001.nii.gz,0.986,352,352,13,1.0,1.0,5.5,5.5,int16,LSP,1,1,"[[-1.0, -0.01, 0.04, 169.18], [-0.01, -0.09, -5.48, 9.87], [-0.01, 1.0, -0.51, -550.65], [0.0, 0.0, 0.0, 1.0]]",0.0,7171.26,668.22,570.71,394.72,155802.55,7171.26,0.5907,5.5585,0.001261,0.067622,0.0,66822167.9687,66822167.9687,732156,878596
SP18,T2W,S82212_eT2W_TSE_DRIVE_HR_20260225155723_702_i00020.nii.gz,C:\Users\Adil\Desktop\yugma\training_data_spine\Pathological Spine MRI Datasets\SP18\S82212_eT2W_TSE_DRIVE_HR_20260225155723_702_i00020.nii.gz,0.256,288,288,3,0.556,0.556,4.4,1.358,int16,LAS,1,1,"[[-0.56, 0.0, -0.17, 82.55], [0.01, 0.55, -0.72, -137.37], [-0.02, 0.09, 4.34, -393.02], [0.0, 0.0, 0.0, 1.0]]",0.0,3056.87,677.66,595.49,543.86,295786.97,3056.87,0.8026,7.0303,0.008167,0.248498,0.0,67766033.9355,67766033.9355,246009,2823
SP18,T2W,S82212_eT2W_TSE_DRIVE_HR_20260225155723_702_i00012.nii.gz,C:\Users\Adil\Desktop\yugma\training_data_spine\Pathological Spine MRI Datasets\SP18\S82212_eT2W_TSE_DRIVE_HR_20260225155723_702_i00012.nii.gz,0.346,288,288,4,0.556,0.556,4.4,1.358,int16,LAS,1,1,"[[-0.56, 0.0, -0.17, 85.1], [0.0, 0.55, 0.24, -129.94], [-0.02, -0.03, 4.39, -443.88], [0.0, 0.0, 0.0, 1.0]]",0.0,3202.44,748.94,681.51,587.77,345472.72,3202.44,0.7848,7.0498,0.007371,0.256605,0.0,74894348.1445,74894348.1445,329801,1975
SP17,T1W_GADO,S82170_T1W_TSE_POST_20260221100326_801.nii.gz,C:\Users\Adil\Desktop\yugma\training_data_spine\Pathological Spine MRI Datasets\SP17\S82170_T1W_TSE_POST_20260221100326_801.nii.gz,0.959,352,352,13,1.0,1.0,4.4,4.4,int16,PSR,1,1,"[[0.01, -0.01, 4.4, -30.17], [-1.0, -0.01, 0.04, 131.61], [-0.01, 1.0, 0.06, -562.46], [0.0, 0.0, 0.0, 1.0]]",0.0,5364.38,406.72,362.13,246.44,60732.67,5364.38,0.6059,5.3874,0.002693,0.092155,0.0,40672125.2441,40672125.2441,731641,879111
SP18,T2W,S82212_eT2W_TSE_DRIVE_HR_20260225155723_702_i00008.nii.gz,C:\Users\Adil\Desktop\yugma\training_data_spine\Pathological Spine MRI Datasets\SP18\S82212_eT2W_TSE_DRIVE_HR_20260225155723_702_i00008.nii.gz,0.345,288,288,4,0.556,0.556,4.4,1.358,int16,LAS,1,1,"[[-0.56, 0.0, -0.17, 85.12], [-0.0, 0.55, 0.81, -131.6], [-0.02, -0.1, 4.32, -465.88], [0.0, 0.0, 0.0, 1.0]]",0.0,3070.1,692.03,588.88,552.63,305400.06,3070.1,0.7986,6.9887,0.007968,0.26458,0.0,69202661.1328,69202661.1328,329474,2302
SP18,T2W,S82212_eT2W_TSE_DRIVE_HR_20260225155723_702_i00016.nii.gz,C:\Users\Adil\Desktop\yugma\training_data_spine\Pathological Spine MRI Datasets\SP18\S82212_eT2W_TSE_DRIVE_HR_20260225155723_702_i00016.nii.gz,0.344,288,288,4,0.556,0.556,4.4,1.358,int16,LAS,1,1,"[[-0.56, 0.0, -0.17, 85.11], [0.0, 0.55, -0.34, -133.61], [-0.02, 0.04, 4.38, -422.08], [0.0, 0.0, 0.0, 1.0]]",0.0,2964.24,719.89,674.89,568.85,323592.16,2964.24,0.7902,7.0945,0.008849,0.262935,0.0,71989233.3984,71989233.3984,329545,2231
SP18,T2W,S82212_eT2W_TSE_DRIVE_HR_20260225155723_702_i00023.nii.gz,C:\Users\Adil\Desktop\yugma\training_data_spine\Pathological Spine MRI Datasets\SP18\S82212_eT2W_TSE_DRIVE_HR_20260225155723_702_i00023.nii.gz,0.252,288,288,3,0.556,0.556,4.4,1.358,int16,LAS,1,1,"[[-0.56, 0.0, -0.17, 82.51], [0.01, 0.55, -0.62, -140.81], [-0.02, 0.08, 4.35, -358.46], [0.0, 0.0, 0.0, 1.0]]",0.0,2673.11,634.44,588.88,489.01,239130.25,2673.11,0.7708,7.0883,0.009499,0.283024,0.0,63444299.3164,63444299.3164,246282,2550
SP19,T1W,S82213_eT1W_TSE_CLEAR_20260225151424_702_i00006.nii.gz,C:\Users\Adil\Desktop\yugma\training_data_spine\Pathological Spine MRI Datasets\SP19\S82213_eT1W_TSE_CLEAR_20260225151424_702_i00006.nii.gz,0.244,224,224,4,0.714,0.714,4.4,2.245,int16,LAS,1,1,"[[-0.71, -0.01, 0.1, 62.57], [-0.01, 0.7, 0.71, -142.75], [0.02, -0.12, 4.34, -428.03], [0.0, 0.0, 0.0, 1.0]]",0.0,1995.32,629.73,504.86,399.78,159824.62,1995.32,0.6348,7.1678,0.007072,0.2697,0.0,62973114.0137,62973114.0137,199711,993
SP18,T2W,S82212_eT2W_TSE_DRIVE_HR_20260225155723_702_i00001.nii.gz,C:\Users\Adil\Desktop\yugma\training_data_spine\Pathological Spine MRI Datasets\SP18\S82212_eT2W_TSE_DRIVE_HR_20260225155723_702_i00001.nii.gz,0.604,288,288,7,0.556,0.556,4.4,1.358,int16,LAS,1,1,"[[-0.56, 0.01, -0.17, 86.91], [-0.0, 0.5, 1.89, -136.08], [-0.02, -0.24, 3.97, -479.31], [0.0, 0.0, 0.0, 1.0]]",0.0,2726.04,717.91,582.26,575.38,331062.91,2726.04,0.8015,7.1933,0.010013,0.311599,0.0,71791406.25,71791406.25,577497,3111
SP19,T1W,S82213_eT1W_TSE_CLEAR_20260225151424_702_i00010.nii.gz,C:\Users\Adil\Desktop\yugma\training_data_spine\Pathological Spine MRI Datasets\SP19\S82213_eT1W_TSE_CLEAR_20260225151424_702_i00010.nii.gz,0.249,224,224,4,0.714,0.714,4.4,2.245,int16,LAS,1,1,"[[-0.71, -0.01, 0.14, 63.13], [-0.01, 0.71, 0.12, -137.38], [0.02, -0.02, 4.4, -408.41], [0.0, 0.0, 0.0, 1.0]]",0.0,2169.35,684.12,591.02,416.31,173311.44,2169.35,0.6085,7.3303,0.007945,0.27454,0.0,68412377.9297,68412377.9297,199938,766
SP19,T1W,S82213_eT1W_TSE_CLEAR_20260225151424_702_i00001.nii.gz,C:\Users\Adil\Desktop\yugma\training_data_spine\Pathological Spine MRI Datasets\SP19\S82213_eT1W_TSE_CLEAR_20260225151424_702_i00001.nii.gz,0.312,224,224,5,0.714,0.714,4.4,2.245,int16,LAS,1,1,"[[-0.71, -0.0, 0.02, 62.77], [0.0, 0.64, 1.89, -138.17], [0.0, -0.31, 3.97, -435.66], [0.0, 0.0, 0.0, 1.0]]",0.0,2210.71,678.78,609.97,373.05,139169.78,2210.71,0.5496,7.2375,0.00566,0.260368,0.0,67877947.998,67877947.998,249874,1006
SP19,T1W,S82213_eT1W_TSE_CLEAR_20260225151424_702_i00026.nii.gz,C:\Users\Adil\Desktop\yugma\training_data_spine\Pathological Spine MRI Datasets\SP19\S82213_eT1W_TSE_CLEAR_20260225151424_702_i00026.nii.gz,0.226,224,224,4,0.714,0.714,4.4,2.245,int16,LAS,1,1,"[[-0.71, -0.01, 0.05, 68.06], [-0.01, 0.71, -0.31, -151.44], [0.01, 0.05, 4.39, -288.23], [0.0, 0.0, 0.0, 1.0]]",0.0,1972.92,498.38,448.0,318.11,101197.02,1972.92,0.6383,6.5805,0.005618,0.202852,0.0,49838250.7324,49838250.7324,198483,2221
SP19,T2W,S82213_eT2W_TSE_DRIVE_HR_20260225151424_602_i00006.nii.gz,C:\Users\Adil\Desktop\yugma\training_data_spine\Pathological Spine MRI Datasets\SP19\S82213_eT2W_TSE_DRIVE_HR_20260225151424_602_i00006.nii.gz,0.353,288,288,4,0.556,0.556,4.4,1.358,int16,LAS,1,1,"[[-0.56, -0.01, 0.1, 62.65], [-0.01, 0.55, 0.71, -142.83], [0.01, -0.09, 4.34, -428.02], [0.0, 0.0, 0.0, 1.0]]",0.0,2614.86,614.55,481.21,500.13,250133.33,2614.86,0.8138,7.0074,0.010123,0.262479,0.0,61455395.5078,61455395.5078,326970,4806
SP19,T2W,S82213_eT2W_TSE_DRIVE_HR_20260225151424_602_i00010.nii.gz,C:\Users\Adil\Desktop\yugma\training_data_spine\Pathological Spine MRI Datasets\SP19\S82213_eT2W_TSE_DRIVE_HR_20260225151424_602_i00010.nii.gz,0.36,288,288,4,0.556,0.556,4.4,1.358,int16,LAS,1,1,"[[-0.56, -0.01, 0.14, 63.21], [-0.01, 0.56, 0.12, -137.46], [0.02, -0.02, 4.4, -408.41], [0.0, 0.0, 0.0, 1.0]]",0.0,2537.68,639.54,558.38,493.65,243686.02,2537.68,0.7719,7.1269,0.012358,0.288051,0.0,63954095.459,63954095.459,330278,1498
SP19,T1W,S82213_eT1W_TSE_CLEAR_20260225151424_702_i00014.nii.gz,C:\Users\Adil\Desktop\yugma\training_data_spine\Pathological Spine MRI Datasets\SP19\S82213_eT1W_TSE_CLEAR_20260225151424_702_i00014.nii.gz,0.728,224,224,12,0.714,0.714,4.4,2.245,int16,LAS,1,1,"[[-0.71, -0.01, 0.14, 61.73], [-0.01, 0.71, -0.13, -141.44], [0.02, 0.02, 4.4, -378.65], [0.0, 0.0, 0.0, 1.0]]",0.0,2510.52,618.28,525.54,384.27,147662.8,2510.52,0.6215,6.8074,0.007082,0.232864,0.0,61827954.1016,61827954.1016,598711,3401
SP19,T2W,S82213_eT2W_TSE_DRIVE_HR_20260225151424_602_i00001.nii.gz,C:\Users\Adil\Desktop\yugma\training_data_spine\Pathological Spine MRI Datasets\SP19\S82213_eT2W_TSE_DRIVE_HR_20260225151424_602_i00001.nii.gz,0.455,288,288,5,0.556,0.556,4.4,1.358,int16,LAS,1,1,"[[-0.56, -0.0, 0.02, 62.84], [0.0, 0.5, 1.89, -138.25], [0.0, -0.24, 3.97, -435.63], [0.0, 0.0, 0.0, 1.0]]",0.0,2560.38,676.99,631.02,476.37,226930.27,2560.38,0.7037,7.1928,0.008546,0.263443,0.0,67699224.8535,67699224.8535,414065,655
SP19,T2W,S82213_eT2W_TSE_DRIVE_HR_20260225151424_602_i00026.nii.gz,C:\Users\Adil\Desktop\yugma\training_data_spine\Pathological Spine MRI Datasets\SP19\S82213_eT2W_TSE_DRIVE_HR_20260225151424_602_i00026.nii.gz,0.324,288,288,4,0.556,0.556,4.4,1.358,int16,LAS,1,1,"[[-0.56, -0.0, 0.05, 68.14], [-0.01, 0.55, -0.31, -151.52], [0.01, 0.04, 4.39, -288.24], [0.0, 0.0, 0.0, 1.0]]",0.0,1747.78,432.93,322.32,348.13,121192.56,1747.78,0.8041,7.1249,0.011317,0.277698,0.0,43292651.3672,43292651.3672,322415,9361
SP19,T2W,S82213_eT2W_TSE_DRIVE_HR_20260225151424_602_i00014.nii.gz,C:\Users\Adil\Desktop\yugma\training_data_spine\Pathological Spine MRI Datasets\SP19\S82213_eT2W_TSE_DRIVE_HR_20260225151424_602_i00014.nii.gz,1.053,288,288,12,0.556,0.556,4.4,1.358,int16,LAS,1,1,"[[-0.56, -0.01, 0.14, 61.81], [-0.01, 0.56, -0.13, -141.52], [0.02, 0.02, 4.4, -378.65], [0.0, 0.0, 0.0, 1.0]]",0.0,2428.73,571.57,517.52,441.64,195046.33,2428.73,0.7727,7.1301,0.014601,0.297252,0.0,57156823.7305,57156823.7305,984665,10663
SP12,STIR,S82031_STIR_TSE_20260305090906_601a.nii.gz,C:\Users\Adil\Desktop\yugma\training_data_spine\Pathological Spine MRI Datasets\SP12\S82031_STIR_TSE_20260305090906_601a.nii.gz,4.359,768,768,15,0.455,0.455,4.4,0.909,int16,PSR,1,1,"[[-0.0, -0.0, 4.4, -32.04], [-0.45, -0.0, -0.01, 131.58], [-0.0, 0.45, 0.03, -654.23], [0.0, 0.0, 0.0, 1.0]]",0.0,2823.01,420.43,361.82,252.61,63812.58,2823.01,0.6008,6.1796,0.001004,0.093484,0.0,42042929.0771,42042929.0771,4054976,4792384
SP12,STIR,S82031_STIR_TSE_20260305090906_601.nii.gz,C:\Users\Adil\Desktop\yugma\training_data_spine\Pathological Spine MRI Datasets\SP12\S82031_STIR_TSE_20260305090906_601.nii.gz,4.359,768,768,15,0.455,0.455,4.4,0.909,int16,PSR,1,1,"[[-0.0, -0.0, 4.4, -32.04], [-0.45, -0.0, -0.01, 131.58], [-0.0, 0.45, 0.03, -654.23], [0.0, 0.0, 0.0, 1.0]]",0.0,2823.01,420.43,361.82,252.61,63812.58,2823.01,0.6008,6.1796,0.001004,0.093484,0.0,42042929.0771,42042929.0771,4054976,4792384
SP15,T2W,S82041_SC_MobiView_eT2W_TSE_20260306093302_305.nii.gz,C:\Users\Adil\Desktop\yugma\training_data_spine\Pathological Spine MRI Datasets\SP15\S82041_SC_MobiView_eT2W_TSE_20260306093302_305.nii.gz,4.925,512,969,15,0.726,0.726,4.398,2.317,int16,PSR,1,1,"[[-0.0, 0.02, 4.4, -43.82], [-0.73, -0.0, -0.02, 141.28], [0.0, 0.73, -0.13, -592.69], [0.0, 0.0, 0.0, 1.0]]",0.0,3560.26,589.82,297.28,459.17,210837.98,3560.26,0.7785,4.1667,0.003181,0.102033,0.0,58982122.8027,58982122.8027,7431885,10035
SP19,T1W,S82213_T1W_TSE_sag_20260225151424_501.nii.gz,C:\Users\Adil\Desktop\yugma\training_data_spine\Pathological Spine MRI Datasets\SP19\S82213_T1W_TSE_sag_20260225151424_501.nii.gz,1.943,448,448,14,0.789,0.789,3.85,2.4,int16,PSR,1,1,"[[-0.01, 0.03, 3.85, -45.71], [-0.79, 0.01, -0.03, 122.97], [0.02, 0.79, -0.12, -585.13], [0.0, 0.0, 0.0, 1.0]]",0.0,2264.37,697.78,630.77,445.49,198463.38,2264.37,0.6384,7.4391,0.003733,0.152062,0.0,69777899.1699,69777899.1699,1428073,1381783
SP15,T1W,S82041_MobiView_eT1W_TSE_20260306093302_405.nii.gz,C:\Users\Adil\Desktop\yugma\training_data_spine\Pathological Spine MRI Datasets\SP15\S82041_MobiView_eT1W_TSE_20260306093302_405.nii.gz,6.168,585,1100,15,0.643,0.643,4.398,1.818,int16,PSR,1,1,"[[-0.0, 0.02, 4.4, -43.95], [-0.64, -0.0, -0.02, 143.87], [0.0, 0.64, -0.13, -597.23], [0.0, 0.0, 0.0, 1.0]]",0.0,3738.19,592.63,312.14,427.83,183040.31,3738.19,0.7219,4.0297,0.002247,0.079372,0.0,59263232.4219,59263232.4219,9571635,80865
SP18,T1W,S82212_T1W_TSE_sag_20260225155723_501.nii.gz,C:\Users\Adil\Desktop\yugma\training_data_spine\Pathological Spine MRI Datasets\SP18\S82212_T1W_TSE_sag_20260225155723_501.nii.gz,2.161,512,512,14,0.789,0.789,3.85,2.4,int16,PSR,1,1,"[[-0.0, -0.02, 3.85, -12.21], [-0.79, -0.01, -0.01, 151.32], [-0.01, 0.79, 0.1, -628.35], [0.0, 0.0, 0.0, 1.0]]",0.0,2170.97,663.91,607.69,409.97,168076.66,2170.97,0.6175,7.3428,0.002808,0.130587,0.0,66391363.5254,66391363.5254,1629501,2040515
SP19,Survey,S82213_MobiView_SURVEY_SAG_20260225151424_202.nii.gz,C:\Users\Adil\Desktop\yugma\training_data_spine\Pathological Spine MRI Datasets\SP19\S82213_MobiView_SURVEY_SAG_20260225151424_202.nii.gz,2.087,528,1017,5,0.758,0.758,8.997,5.164,int16,PSR,1,1,"[[-0.0, 0.02, 8.99, -37.92], [-0.76, 0.01, -0.01, 148.5], [0.01, 0.76, -0.22, -596.4], [0.0, 0.0, 0.0, 1.0]]",0.0,2771.27,519.22,312.46,401.89,161519.16,2771.27,0.774,4.9792,0.00217,0.090235,0.0,51922045.8984,51922045.8984,2681415,3465
SP18,STIR,S82212_eSTIR_TSE_20260225155723_602.nii.gz,C:\Users\Adil\Desktop\yugma\training_data_spine\Pathological Spine MRI Datasets\SP18\S82212_eSTIR_TSE_20260225155723_602.nii.gz,3.858,704,704,15,0.471,0.471,4.4,0.974,int16,PSR,1,1,"[[0.0, -0.01, 4.4, -21.1], [-0.47, -0.01, 0.01, 117.18], [-0.01, 0.47, 0.1, -621.74], [0.0, 0.0, 0.0, 1.0]]",0.0,2932.73,487.4,457.05,276.75,76592.24,2932.73,0.5678,6.3639,0.001008,0.097671,0.0,48740054.3213,48740054.3213,3551562,3882678
SP17,T2W,S82170_SC_MobiView_eT2W_TSE_20260221100326_305.nii.gz,C:\Users\Adil\Desktop\yugma\training_data_spine\Pathological Spine MRI Datasets\SP17\S82170_SC_MobiView_eT2W_TSE_20260221100326_305.nii.gz,4.93,512,970,15,0.726,0.726,4.4,2.318,int16,PSR,1,1,"[[-0.0, 0.01, 4.4, -42.31], [-0.73, -0.0, -0.0, 136.91], [0.0, 0.73, -0.07, -569.41], [0.0, 0.0, 0.0, 1.0]]",0.0,3366.2,587.52,280.24,491.67,241739.97,3366.2,0.8369,4.124,0.0035,0.106927,0.0,58751525.8789,58751525.8789,7439565,10035
SP19,T2W,S82213_eT2W_TSE_CLEAR_20260225151424_402.nii.gz,C:\Users\Adil\Desktop\yugma\training_data_spine\Pathological Spine MRI Datasets\SP19\S82213_eT2W_TSE_CLEAR_20260225151424_402.nii.gz,5.694,800,800,14,0.437,0.437,3.85,0.735,int16,PSR,1,1,"[[-0.0, 0.01, 3.85, -45.66], [-0.44, 0.01, -0.03, 121.09], [0.01, 0.44, -0.12, -583.18], [0.0, 0.0, 0.0, 1.0]]",0.0,3396.61,647.76,530.93,495.01,245037.41,3396.61,0.7642,6.9516,0.000407,0.100061,0.0,64775842.2852,64775842.2852,4593063,4366937
SP17,T1W,S82170_MobiView_eT1W_TSE_20260221100326_405.nii.gz,C:\Users\Adil\Desktop\yugma\training_data_spine\Pathological Spine MRI Datasets\SP17\S82170_MobiView_eT1W_TSE_20260221100326_405.nii.gz,7.472,643,1216,15,0.584,0.584,4.4,1.503,int16,PSR,1,1,"[[-0.0, 0.0, 4.4, -39.59], [-0.58, 0.0, -0.0, 139.34], [0.0, 0.58, -0.03, -575.2], [0.0, 0.0, 0.0, 1.0]]",0.0,3077.72,546.28,256.22,460.58,212135.69,3077.72,0.8431,4.0893,0.00193,0.082792,0.0,54627935.791,54627935.791,11689935,38385
SP18,T2W,S82212_eT2W_TSE_CLEAR_20260225155723_402.nii.gz,C:\Users\Adil\Desktop\yugma\training_data_spine\Pathological Spine MRI Datasets\SP18\S82212_eT2W_TSE_CLEAR_20260225155723_402.nii.gz,6.865,960,960,14,0.413,0.413,3.85,0.656,int16,PSR,1,1,"[[-0.0, -0.01, 3.85, -12.32], [-0.41, -0.0, -0.01, 147.53], [-0.0, 0.41, 0.1, -624.65], [0.0, 0.0, 0.0, 1.0]]",0.0,3296.7,627.39,558.23,475.83,226416.64,3296.7,0.7584,6.8611,0.000377,0.08379,0.0,62738867.1875,62738867.1875,5779503,7122897
