PSNR,SSIM,MSE,RMSE,UQI,FSIM,GMSD,VIF,BRISQUE,NIQE,PIQE,LPIPS,Entropy_Before,Entropy_After,Contrast_Before,Contrast_After,Sharpness_Before,Sharpness_After,EdgeStrength_Before,EdgeStrength_After,NoiseLevel_Before,NoiseLevel_After,Dataset,Patient_ID,Modality,Processing_Time_Sec
13.943235952576874,0.7096800228082915,0.04033447429537773,0.20083444499233127,0.7934643030166626,0.7865250706672668,0.0014019778463989496,0.7344257831573486,3.5909228324890137,5.420989513397217,25.453205108642578,0.21585765480995178,7.22435247864442,7.756271939464754,0.18904204666614532,0.25132787227630615,0.13043594360351562,0.3898222744464874,0.22871480882167816,0.410778671503067,0.050061143934726715,0.08824877440929413,Spine,SP2,S82020_eT1W_TSE_CLEAR_20260303133117_702_i00001,2.409
15.358343825037753,0.7935203117988694,0.02911827526986599,0.17064077844954292,0.8418938517570496,0.8504151701927185,0.0009260872029699385,0.661637544631958,3.4068922996520996,5.27982759475708,26.325504302978516,0.17556241154670715,7.511731509126418,7.7615699756524394,0.21108660101890564,0.26741349697113037,0.1619938164949417,0.34825384616851807,0.2627052664756775,0.39427265524864197,0.08146041631698608,0.08171699941158295,Spine,SP2,S82020_eT1W_TSE_CLEAR_20260303133117_702_i00004,2.368
14.510004535450932,0.7437216577943744,0.035399697721004486,0.18814807392318553,0.8069395422935486,0.8192095756530762,0.0010807974031195045,0.6505733132362366,3.663145065307617,5.555178642272949,24.615903854370117,0.2004687339067459,7.435015245939941,7.782319118083499,0.2062073051929474,0.26513370871543884,0.18201133608818054,0.4051210880279541,0.2637822926044464,0.42254969477653503,0.06895718723535538,0.08789995312690735,Spine,SP2,S82020_eT1W_TSE_CLEAR_20260303133117_702_i00008,2.609
15.062010045107952,0.7308821054303268,0.031174462288618088,0.1765629131177272,0.7894261479377747,0.8091062903404236,0.001096916850656271,0.6810831427574158,3.589934825897217,5.117822647094727,25.487319946289062,0.18810543417930603,7.004062719044776,7.562414725238966,0.17542685568332672,0.24514839053153992,0.16294096410274506,0.3645954430103302,0.2374369353055954,0.3891761302947998,0.011168207973241806,0.011719997972249985,Spine,SP2,S82020_eT1W_TSE_CLEAR_20260303133117_702_i00015,1.83
13.622401031215519,0.6911814324996751,0.0434270054101944,0.20839147153901091,0.7486086487770081,0.7860891222953796,0.0011248766677454114,0.7190197706222534,3.694074869155884,5.341254711151123,25.024335861206055,0.2115481197834015,7.207190768589795,7.779701444415765,0.1864890158176422,0.25845852494239807,0.15374112129211426,0.38195163011550903,0.23060081899166107,0.4047614634037018,0.04869319498538971,0.08203998953104019,Spine,SP2,S82020_eT1W_TSE_CLEAR_20260303133117_702_i00012,2.457
14.52977069984935,0.7107674714082841,0.035238947719335556,0.18772039771781743,0.7568415403366089,0.7939994931221008,0.0012423491571098566,0.7190237641334534,3.920898675918579,5.018890380859375,24.330612182617188,0.19203251600265503,6.793476165309798,7.505797600284877,0.1752127707004547,0.23887446522712708,0.16570493578910828,0.38398027420043945,0.2262667566537857,0.3820701837539673,0.008290287107229233,0.0,Spine,SP2,S82020_eT1W_TSE_CLEAR_20260303133117_702_i00018,1.38
14.809564085210203,0.7671664975629274,0.03304027020931244,0.18176982755482946,0.8630236387252808,0.8713595271110535,0.0008209156221710145,0.6534969806671143,3.8036577701568604,5.834694862365723,23.68475914001465,0.18649032711982727,7.413549585505743,7.802323389905358,0.24065472185611725,0.306178480386734,0.22924423217773438,0.4287829101085663,0.29939478635787964,0.4303690493106842,0.0244829673320055,0.04085849970579147,Spine,SP2,S82020_eT2W_TSE_DRIVE_HR_20260303133117_602_i00008,1.923
16.88343307732145,0.8205203321686447,0.02049541287124157,0.14316219078807635,0.9154548048973083,0.897857129573822,0.0006468762294389307,0.6562103033065796,3.5094552040100098,5.550399303436279,25.548006057739258,0.15294474363327026,7.480381694579786,7.747410135380318,0.26419880986213684,0.30936941504478455,0.2148352712392807,0.37398529052734375,0.2989557385444641,0.40034767985343933,0.02556171640753746,0.04085849970579147,Spine,SP2,S82020_eT2W_TSE_DRIVE_HR_20260303133117_602_i00001,1.96
19.74143507699474,0.8001851812974589,0.010613447986543179,0.10302158990494749,0.8965833783149719,0.8647801280021667,0.0003498665173538029,1.0235179662704468,1.6442617177963257,3.0632221698760986,47.42151641845703,0.08857899904251099,6.163746206198555,6.680034777003892,0.17634767293930054,0.2300429791212082,0.044008754193782806,0.09471438080072403,0.12898050248622894,0.19129885733127594,0.18753008544445038,0.0,Spine,SP2,S82020_eeSTIR_TSE_COR_20260303133117_302,4.532
16.79598359106424,0.8159406282216435,0.0209122933447361,0.144610834119495,0.9221972227096558,0.89371258020401,0.0007126832497306168,0.6364466547966003,3.5883097648620605,5.685230255126953,24.815814971923828,0.15813657641410828,7.453478992965577,7.758282338390687,0.26583051681518555,0.31746992468833923,0.2220950722694397,0.37840843200683594,0.30826178193092346,0.40978410840034485,0.029474740847945213,0.046695418655872345,Spine,SP2,S82020_eT2W_TSE_DRIVE_HR_20260303133117_602_i00004,2.315
14.9666823913911,0.7410518208988104,0.03186630830168724,0.17851136742988452,0.839783787727356,0.8647466897964478,0.0007589430897496641,0.6698814630508423,3.64943790435791,5.471140384674072,25.317588806152344,0.18053601682186127,7.3012335204833825,7.780971044917158,0.2202010154724121,0.2932635247707367,0.2005963772535324,0.3937934339046478,0.2705162763595581,0.4004751145839691,0.02010277472436428,0.04085849970579147,Spine,SP2,S82020_eT2W_TSE_DRIVE_HR_20260303133117_602_i00012,1.792
13.516624472622272,0.6817496677111193,0.044497694820165634,0.21094476722631836,0.7486070394515991,0.8192732930183411,0.0010989640140905976,0.721468985080719,3.8807499408721924,5.70136022567749,23.659088134765625,0.21472309529781342,7.069936036309937,7.710363941949818,0.18030497431755066,0.2849215269088745,0.1740657240152359,0.43007758259773254,0.2548663318157196,0.42767438292503357,0.007082387339323759,0.01167385559529066,Spine,SP2,S82020_eT2W_TSE_DRIVE_HR_20260303133117_602_i00015,1.839
13.20398811600607,0.6598482957720385,0.04781907796859741,0.2186757370368222,0.7044950723648071,0.7984327673912048,0.0013112303568050265,0.7790389657020569,3.8946573734283447,5.432709693908691,24.311325073242188,0.21819835901260376,6.94891550158535,7.596485695594784,0.16397252678871155,0.26957622170448303,0.1492469757795334,0.4181593060493469,0.22911806404590607,0.4084773063659668,0.004744254518300295,0.0,Spine,SP2,S82020_eT2W_TSE_DRIVE_HR_20260303133117_602_i00018,1.881
20.65230122599435,0.8638787085708276,0.00860537588596344,0.09276516526133849,0.9335825443267822,0.8793689012527466,0.0006815390079282224,0.721148669719696,2.3919365406036377,3.5084235668182373,42.92160415649414,0.0764385461807251,4.6793747953598075,4.964901725385813,0.21872425079345703,0.29947322607040405,0.09814630448818207,0.18916913866996765,0.14650070667266846,0.20234926044940948,0.24049441516399384,0.0,Spine,SP2,S82020_T1W_TSE_sag_20260303133117_501,2.374
17.06645527688606,0.610566970601093,0.019649634137749672,0.140177152695258,0.7982279062271118,0.8475794196128845,0.0004451062995940447,1.0813331604003906,1.302382230758667,2.822629451751709,60.711143493652344,0.08162196725606918,4.59420286341817,4.971101148164598,0.1875109225511551,0.28606975078582764,0.03709999471902847,0.08571112155914307,0.09101583808660507,0.13922831416130066,0.1894073784351349,0.0,Spine,SP2,S82020_eT2W_TSE_CLEAR_20260303133117_402,5.096
17.40278446992267,0.5465976882782326,0.018185347318649292,0.13485305824729854,0.814932644367218,0.805057168006897,0.00045623883488588035,0.9806744456291199,1.6379762887954712,2.861668348312378,55.782352447509766,0.10077685862779617,4.913078860330986,5.408975911554426,0.1565946489572525,0.2709032893180847,0.048276789486408234,0.10043997317552567,0.09197796136140823,0.15071521699428558,0.0,0.0,Spine,SP2,S82020_MobiView_SURVEY_SAG_20260303133117_202,2.317
16.985768670440976,0.7102352114041518,0.020018113777041435,0.14148538361626417,0.8238075971603394,0.8253117203712463,0.0008294397848658264,0.7942995429039001,2.597111701965332,3.9027414321899414,35.0083122253418,0.1369362771511078,6.341205333797411,7.073045915481742,0.1754164844751358,0.24000248312950134,0.08178161084651947,0.2026292085647583,0.17069153487682343,0.27027270197868347,0.0,0.0,Spine,SP3,S82021_eeT2_SPAIR_cor_20260303142846_502,2.936
19.94272044603215,0.8323384016727476,0.010132765397429466,0.10066163816186117,0.8604123592376709,0.8768395185470581,0.00039310191641561687,0.8362632989883423,2.0130910873413086,2.7277464866638184,50.93132781982422,0.06481580436229706,4.17633354621869,4.4692598047883525,0.21655966341495514,0.2507781982421875,0.07364073395729065,0.13251613080501556,0.10635556280612946,0.14792492985725403,0.1913154572248459,0.0,Spine,SP3,S82021_eT1W_TSE_20260303142846_403,1.879
15.558399003485095,0.7814397211387157,0.027807381004095078,0.16675545269674116,0.8440502285957336,0.8417013883590698,0.001134334597736597,0.6662608981132507,3.920276165008545,5.441867828369141,23.62943458557129,0.1873684972524643,7.422420285778271,7.779184506002616,0.19743786752223969,0.26983779668807983,0.15873458981513977,0.3958379626274109,0.2608599066734314,0.4092658460140228,0.02864888310432434,0.03502156212925911,Spine,SP3,S82021_eT1W_TSE_CLEAR_20260303142846_702_i00001,1.638
18.28981316191956,0.8309988333337376,0.014825819060206413,0.1217613200495396,0.8538128733634949,0.854866623878479,0.0007238074904307723,0.8240474462509155,2.5283498764038086,3.227931499481201,43.769561767578125,0.08367924392223358,4.5020187375590845,4.755026832629555,0.1909942626953125,0.2831399142742157,0.09228653460741043,0.1912563145160675,0.12062259018421173,0.18153303861618042,0.2025572508573532,0.0,Spine,SP3,S82021_eT1W_TSE_20260303142846_404,2.674
14.293467660705673,0.7239452194937468,0.03720944747328758,0.19289750509866005,0.7864536046981812,0.8213634490966797,0.0009681235533207655,0.6638757586479187,3.1351566314697266,5.0084733963012695,27.831809997558594,0.1858014464378357,7.227552122607764,7.754151602291884,0.19067011773586273,0.29031190276145935,0.10758529603481293,0.28974801301956177,0.21639609336853027,0.3552614748477936,0.014343339018523693,0.02929999679327011,Spine,SP3,S82021_eT1W_TSE_CLEAR_20260303142846_702_i00007,2.745
15.081411400358993,0.7285713396601677,0.03103550709784031,0.1761689731418115,0.7918325662612915,0.8193818926811218,0.0013070421991869807,0.6788420677185059,4.003692150115967,5.227084159851074,23.490585327148438,0.18454840779304504,7.011145856054502,7.540555873443861,0.1882006973028183,0.26316243410110474,0.1576196551322937,0.39440274238586426,0.2389049232006073,0.39112505316734314,0.003453213954344392,0.0,Spine,SP3,S82021_eT1W_TSE_CLEAR_20260303142846_702_i00019,1.462
18.150263495726385,0.8002437104516029,0.015309944748878479,0.12373336150318749,0.9129374623298645,0.8857014179229736,0.000602991261985153,0.5534654855728149,3.8233048915863037,4.993776798248291,24.05137062072754,0.138891339302063,7.392673284255055,7.607968533646049,0.25845304131507874,0.291681170463562,0.18595770001411438,0.33032330870628357,0.26126813888549805,0.3531176745891571,0.01117121335119009,0.005859998986124992,Spine,SP3,S82021_eT1W_TSE_CLEAR_20260303142846_702_i00010,2.67
15.847108167296044,0.7644709429278373,0.026018915697932243,0.16130379939087686,0.8117756843566895,0.830070972442627,0.001004944322630763,0.6857110857963562,3.8825526237487793,4.818934440612793,24.640338897705078,0.16470134258270264,6.767748467333037,7.270161744210935,0.18191979825496674,0.25372689962387085,0.15090671181678772,0.3398098051548004,0.22331324219703674,0.35416024923324585,0.0012606970267370343,0.0,Spine,SP3,S82021_eT1W_TSE_CLEAR_20260303142846_702_i00025,1.388
16.462431600612902,0.7754068127245903,0.022581711411476135,0.15027212453238337,0.883122980594635,0.8640271425247192,0.0008645724155940115,0.5947188138961792,3.828935384750366,4.999790191650391,24.49802589416504,0.1514379233121872,7.216526317076901,7.482049760619709,0.2382822185754776,0.3088779151439667,0.1581486612558365,0.32908135652542114,0.2367648184299469,0.34503722190856934,0.004483608063310385,0.0,Spine,SP3,S82021_eT1W_TSE_CLEAR_20260303142846_702_i00013,2.595
16.07902741798914,0.782712423933506,0.024665916338562965,0.15705386444963068,0.8588875532150269,0.8596705198287964,0.0009105405770242214,0.5785394310951233,3.7738938331604004,5.237062454223633,24.007944107055664,0.1626015603542328,7.280824021899305,7.546508015502194,0.22851529717445374,0.3007456958293915,0.16659387946128845,0.3471849858760834,0.2574036717414856,0.37313127517700195,0.005485956557095051,0.0,Spine,SP3,S82021_eT1W_TSE_CLEAR_20260303142846_702_i00016,2.51
15.967458590991797,0.7783518701999187,0.025307783856987953,0.15908420366896253,0.8191524744033813,0.8162345290184021,0.0011072681518271565,0.8668584227561951,3.1936042308807373,4.783009052276611,29.503799438476562,0.16949614882469177,7.139496567447123,7.418692475445536,0.19030751287937164,0.24407145380973816,0.12133349478244781,0.318329393863678,0.2129717767238617,0.3551478087902069,0.005532013718038797,0.0,Spine,SP3,S82021_eT1W_TSE_CLEAR_20260303142846_802_i00001,2.665
14.68441408284102,0.7244465930175781,0.03400623798370361,0.18440780347833335,0.7795327305793762,0.8118857145309448,0.00119088648352772,0.8818647265434265,3.3775076866149902,5.098921298980713,28.584606170654297,0.18086528778076172,6.977977524438569,7.497461695536138,0.18949578702449799,0.27032479643821716,0.14037692546844482,0.36403021216392517,0.22030071914196014,0.37472760677337646,0.0017119856784120202,0.0,Spine,SP3,S82021_eT1W_TSE_CLEAR_20260303142846_802_i00018,1.553
14.440921301865226,0.732726158830164,0.035967305302619934,0.18965048194671147,0.8164237141609192,0.807260274887085,0.0010186567669734359,0.8603835105895996,2.9766600131988525,4.976339817047119,30.46493148803711,0.17943450808525085,7.249732477805626,7.685062045188599,0.21651853621006012,0.2923537790775299,0.11332865804433823,0.307513028383255,0.20451709628105164,0.35145556926727295,0.007823639549314976,0.005836927331984043,Spine,SP3,S82021_eT1W_TSE_CLEAR_20260303142846_802_i00006,2.652
14.669739704314733,0.7424986203528526,0.03412133455276489,0.1847196106339684,0.8177207112312317,0.8137550950050354,0.0009763095295056701,0.8338771462440491,3.1031157970428467,4.769184589385986,30.440217971801758,0.16464853286743164,7.058021304398804,7.475771862161283,0.22424982488155365,0.300279438495636,0.11532168090343475,0.2946992516517639,0.19351407885551453,0.3261605501174927,0.003774868557229638,0.0,Spine,SP3,S82021_eT1W_TSE_CLEAR_20260303142846_802_i00009,2.637
15.603750885716627,0.7879863247218132,0.027518508955836296,0.16588703673233873,0.8463574647903442,0.8353107571601868,0.0010163148399442434,0.8090215921401978,3.2103161811828613,5.189516067504883,29.706787109375,0.16249579191207886,7.1311389894429915,7.456688113075048,0.22562141716480255,0.30410176515579224,0.14478109776973724,0.33472827076911926,0.23182781040668488,0.3664029836654663,0.0020157441031187773,0.0,Spine,SP3,S82021_eT1W_TSE_CLEAR_20260303142846_802_i00015,2.596
15.752716089088397,0.7786469816891551,0.026590615510940552,0.16306629176792042,0.8563240170478821,0.8337081074714661,0.0009251905139535666,0.8242385387420654,3.100032091140747,4.734932899475098,30.96365737915039,0.1482798159122467,6.9492514887607815,7.379755826672988,0.23132432997226715,0.3059554398059845,0.12009178102016449,0.28869062662124634,0.19943806529045105,0.3194664716720581,0.0020548575557768345,0.0,Spine,SP3,S82021_eT1W_TSE_CLEAR_20260303142846_802_i00012,2.631
15.944356250563423,0.7818371683745384,0.02544276975095272,0.15950789871022913,0.8249607086181641,0.8294630646705627,0.0010395372519269586,0.8616136312484741,3.5903255939483643,4.980964660644531,27.75581932067871,0.16154634952545166,6.754227952955601,7.255266886793635,0.19050252437591553,0.259048193693161,0.16274535655975342,0.3676539361476898,0.22785057127475739,0.367027223110199,0.0009728213190101087,0.0,Spine,SP3,S82021_eT1W_TSE_CLEAR_20260303142846_802_i00023,1.448
17.93838853799167,0.8099869056498079,0.01607537642121315,0.1267887077827247,0.7929319143295288,0.8664492964744568,0.0007384306518360972,0.7883309125900269,2.737128973007202,3.272681713104248,40.893619537353516,0.08502086997032166,4.155469473479455,4.496557836507415,0.20426008105278015,0.2719692885875702,0.09954545646905899,0.21838223934173584,0.12815701961517334,0.19197624921798706,0.18126583099365234,0.0,Spine,SP3,S82021_eT2W_TSE_20260303142846_303,1.595
16.4091955978154,0.5765559028538276,0.022860221564769745,0.15119597072928148,0.7683210372924805,0.8483174443244934,0.0008734281873330474,0.8038750290870667,2.7258312702178955,3.3501529693603516,40.660621643066406,0.0994306355714798,4.45466512093806,4.751775911638939,0.1814916729927063,0.28790485858917236,0.088359534740448,0.20410962402820587,0.12388044595718384,0.19106298685073853,0.18682055175304413,0.0,Spine,SP3,S82021_eT2W_TSE_20260303142846_304,2.778
16.956787178932945,0.7994428398493674,0.020152145996689796,0.14195825441547877,0.8957877159118652,0.8991144299507141,0.0007123537361621857,0.49611881375312805,4.052493572235107,5.251171112060547,19.6375732421875,0.15566377341747284,7.353897741989863,7.679135713292812,0.23413269221782684,0.30095311999320984,0.17742346227169037,0.3268808424472809,0.2911922037601471,0.37464001774787903,0.02199673093855381,0.023347709327936172,Spine,SP3,S82021_eT2W_TSE_DRIVE_HR_20260303142846_602_i00006,2.662
15.597948739459653,0.7425486069370345,0.027555299922823906,0.1659978913204138,0.8449686765670776,0.8767325282096863,0.0008810225990600884,0.5282430648803711,4.320300579071045,5.1502275466918945,18.848220825195312,0.1685807704925537,6.999679107311422,7.495894094827318,0.21410943567752838,0.2914051413536072,0.16039705276489258,0.35249730944633484,0.2564411163330078,0.3693181872367859,0.011091618798673153,0.0,Spine,SP3,S82021_eT2W_TSE_DRIVE_HR_20260303142846_602_i00011,2.801
14.207412018596,0.722414021568768,0.03795411065220833,0.1948181476459735,0.8232218027114868,0.8510745763778687,0.001052483799867332,0.5504744052886963,3.8463563919067383,5.079761505126953,22.103483200073242,0.19126802682876587,7.194102562289688,7.660737513464712,0.20794391632080078,0.28711962699890137,0.13251817226409912,0.3274518847465515,0.2424958050251007,0.36441531777381897,0.02385760471224785,0.04069826379418373,Spine,SP3,S82021_eT2W_TSE_DRIVE_HR_20260303142846_602_i00001,3.163
18.544220042267867,0.8061792588285944,0.013982280157506466,0.11824669195164178,0.9334753751754761,0.9172213077545166,0.0005727066891267896,0.4672582149505615,4.424026966094971,5.352392196655273,18.662391662597656,0.13659997284412384,7.207173760862311,7.455491771434007,0.2666958272457123,0.31570032238960266,0.2511453330516815,0.3765890598297119,0.3166360557079315,0.37738582491874695,0.0,0.0,Spine,SP3,S82021_eT2W_TSE_DRIVE_HR_20260303142846_602_i00016,2.055
16.97616712693485,0.7925382737157212,0.020062418654561043,0.14164186759062816,0.9009312391281128,0.9021595120429993,0.000752373831346631,0.49371686577796936,4.569622039794922,5.677306175231934,18.129714965820312,0.16018423438072205,7.2750721876102915,7.599000062539499,0.23763561248779297,0.3090445101261139,0.23948951065540314,0.4252280294895172,0.3177597224712372,0.4132077991962433,0.008545128628611565,0.0,Spine,SP3,S82021_eT2W_TSE_DRIVE_HR_20260303142846_602_i00020,1.86
14.201325252532762,0.7445683787083056,0.03800734132528305,0.1949547160888473,0.8008703589439392,0.8405835032463074,0.0011089816689491272,0.7904570698738098,3.5054266452789307,4.969170570373535,26.988126754760742,0.18084706366062164,7.128339878786385,7.510856480975583,0.19559326767921448,0.28601211309432983,0.12484356015920639,0.32491829991340637,0.2205234169960022,0.35390862822532654,0.0067775072529911995,0.0,Spine,SP3,S82021_eT2W_TSE_DRIVE_HR_20260303142846_902_i00001,2.002
16.728903459011264,0.7942785418331897,0.021237807348370552,0.14573197092049003,0.8824953436851501,0.9038510918617249,0.0008066672598943114,0.5213680267333984,4.543339252471924,5.650338172912598,19.175018310546875,0.16006025671958923,7.226254264839939,7.5541663932499725,0.22041811048984528,0.29230549931526184,0.26130151748657227,0.46259209513664246,0.3226602077484131,0.4188758432865143,0.004129748325794935,0.0,Spine,SP3,S82021_eT2W_TSE_DRIVE_HR_20260303142846_602_i00024,2.699
12.574301710273081,0.6749928938821164,0.055280230939388275,0.23511748327036056,0.7382093667984009,0.8010164499282837,0.0012111125979572535,0.7954755425453186,3.0529749393463135,4.869669437408447,29.691850662231445,0.2050163447856903,7.003814311236093,7.585884306226949,0.19452624022960663,0.305826336145401,0.09356360882520676,0.28367504477500916,0.1913355141878128,0.3340508043766022,0.009753813035786152,0.005836927331984043,Spine,SP3,S82021_eT2W_TSE_DRIVE_HR_20260303142846_902_i00006,2.15
16.092761906931173,0.7459345469987096,0.02458803355693817,0.1568057191461401,0.8661641478538513,0.9001693725585938,0.0007415298605337739,0.520430326461792,4.508676052093506,5.538322925567627,20.253780364990234,0.16113893687725067,7.064671594688876,7.365353018924148,0.21593940258026123,0.29548177123069763,0.26840320229530334,0.4567054510116577,0.3100588023662567,0.4060908854007721,0.0,0.0,Spine,SP3,S82021_eT2W_TSE_DRIVE_HR_20260303142846_602_i00029,3.037
17.244391272560037,0.7870349226302242,0.0188608318567276,0.13733474380770366,0.8894990086555481,0.9047079086303711,0.0006984520005062222,0.5424325466156006,4.077489852905273,5.269745826721191,22.519975662231445,0.14651310443878174,6.95746460784588,7.26159969360129,0.2158040553331375,0.2867782711982727,0.24607323110103607,0.41432225704193115,0.2969045341014862,0.3835776448249817,0.0,0.0,Spine,SP3,S82021_eT2W_TSE_DRIVE_HR_20260303142846_602_i00034,3.066
14.240785686477329,0.7364071002330279,0.03766356036067009,0.19407101885822645,0.8085353374481201,0.8460328578948975,0.0009729746961966157,0.7327841520309448,3.3227317333221436,4.852205276489258,28.010053634643555,0.1708800196647644,6.965448334749842,7.4016093736087365,0.21839451789855957,0.3088408410549164,0.12656468152999878,0.30109116435050964,0.21103069186210632,0.330595463514328,0.007153581362217665,0.0,Spine,SP3,S82021_eT2W_TSE_DRIVE_HR_20260303142846_902_i00011,3.218
17.192586655238348,0.6579220800466835,0.019087160006165504,0.1381562883337762,0.7090874314308167,0.8177822232246399,0.0008127327891997993,0.7842913269996643,2.8648829460144043,3.5120208263397217,35.073787689208984,0.11963192373514175,5.334499511392925,5.907479088289377,0.14715604484081268,0.230818510055542,0.08565302193164825,0.21156509220600128,0.1428481936454773,0.23579296469688416,0.14206402003765106,0.0,Spine,SP5,S82023_eSTIR_longTE_20260303153859_502,0.756
17.481800195889633,0.8296037756906834,0.017857473343610764,0.13363185751762474,0.918729305267334,0.9020430445671082,0.0006593568250536919,0.644631564617157,3.471673011779785,5.069398880004883,27.722423553466797,0.1332753449678421,7.193767971787928,7.472166459781496,0.26464617252349854,0.3261907994747162,0.19755300879478455,0.33455410599708557,0.26382938027381897,0.34322696924209595,0.002402884652838111,0.0,Spine,SP3,S82021_eT2W_TSE_DRIVE_HR_20260303142846_902_i00016,1.779
15.64757753594784,0.7774492465582213,0.027242204174399376,0.16505212562823715,0.8641386032104492,0.8716464638710022,0.0009921824093908072,0.7114708423614502,3.584001302719116,5.309603691101074,26.48207664489746,0.16489359736442566,7.233767517785278,7.577393576180267,0.22143061459064484,0.30836060643196106,0.16765087842941284,0.3708435595035553,0.2555693984031677,0.3767741024494171,0.0060761459171772,0.0,Spine,SP3,S82021_eT2W_TSE_DRIVE_HR_20260303142846_902_i00020,2.01
16.03164996266336,0.8004971061189915,0.02493647113442421,0.15791285930672083,0.862667441368103,0.8929381370544434,0.0008168515050783753,0.7153888940811157,3.791722297668457,5.39457368850708,25.388059616088867,0.1558130830526352,7.257673469264978,7.539630802092355,0.21518799662590027,0.28774309158325195,0.2181287556886673,0.41257917881011963,0.28572943806648254,0.39558011293411255,0.004164549987763166,0.0,Spine,SP3,S82021_eT2W_TSE_DRIVE_HR_20260303142846_902_i00024,3.115
16.886529187428735,0.8120249056985774,0.0204808060079813,0.1431111666082745,0.8893176317214966,0.903132438659668,0.0006587121170014143,0.6927670836448669,3.9344098567962646,5.4723052978515625,25.119518280029297,0.14344364404678345,7.141409655839297,7.331115696401595,0.22970569133758545,0.2955998480319977,0.2644132971763611,0.43095505237579346,0.3030344247817993,0.3994239568710327,0.002434449503198266,0.0,Spine,SP3,S82021_eT2W_TSE_DRIVE_HR_20260303142846_902_i00029,3.221
18.22466600883519,0.8183328262421798,0.015049893409013748,0.12267800703065626,0.750533938407898,0.8683502078056335,0.0006678509525954723,0.7819080352783203,2.5275533199310303,3.0659031867980957,44.101139068603516,0.08014422655105591,3.7881911782880873,4.137185379841767,0.1798470914363861,0.25183969736099243,0.09254039824008942,0.1925330013036728,0.12475541234016418,0.18217837810516357,0.15369556844234467,0.0,Spine,SP5,S82023_eT2W_TSE_20260303153859_303,1.712
17.13975363351689,0.6499182461509891,0.0193207785487175,0.1389992034103703,0.6646885275840759,0.8011351227760315,0.0009110629325732589,0.971110999584198,2.2821593284606934,2.819180965423584,48.69830322265625,0.0878245085477829,3.6107339250330996,4.060525090373603,0.14799579977989197,0.24055659770965576,0.05968242883682251,0.16525046527385712,0.09321624040603638,0.16164299845695496,0.13293583691120148,0.0,Spine,SP5,S82023_eT1W_TSE_20260303153859_403,2.23
15.844624948046729,0.7651150881331067,0.02603379637002945,0.16134991902703097,0.6219935417175293,0.7638905644416809,0.0010028508258983493,1.0216542482376099,2.2121407985687256,3.075270175933838,47.243438720703125,0.10384678840637207,4.03053397798557,4.516157378867142,0.13353128731250763,0.25634485483169556,0.054151978343725204,0.16946159303188324,0.09486767649650574,0.1797270029783249,0.1305333524942398,0.0,Spine,SP5,S82023_eT1W_TSE_20260303153859_404,2.372
16.210607150438033,0.5262583885771104,0.023929812014102936,0.15469263723300775,0.6103511452674866,0.818873405456543,0.0009176618186756968,0.8225895762443542,2.4823594093322754,3.0740485191345215,44.033634185791016,0.10142861306667328,4.031924540492224,4.4672485167395095,0.14425572752952576,0.24594464898109436,0.07752392441034317,0.19056835770606995,0.11320416629314423,0.18443264067173004,0.1300462931394577,0.0,Spine,SP5,S82023_eT2W_TSE_20260303153859_304,1.707
16.45209892339246,0.8063104330098706,0.022635500878095627,0.15045099161552783,0.8799412250518799,0.8640531301498413,0.0007322607561945915,0.6927546858787537,3.592959403991699,5.419897556304932,25.651662826538086,0.17014150321483612,7.508188987648352,7.800393636715619,0.21706342697143555,0.26522013545036316,0.18539728224277496,0.371847540140152,0.276546835899353,0.4093094766139984,0.048363104462623596,0.06445994973182678,Spine,SP7,S82030_eT1W_TSE_CLEAR_20260305081552_702_i00001,1.875
17.348716899684735,0.7971089677987863,0.018413159996271133,0.13569509938192734,0.873602032661438,0.8574786186218262,0.000973626272752881,0.6742915511131287,3.9272968769073486,5.284814357757568,24.85427474975586,0.16483868658542633,7.259383946381081,7.759932736855203,0.19695287942886353,0.25505754351615906,0.1913304626941681,0.4130932688713074,0.2666601538658142,0.40094608068466187,0.02913740463554859,0.04669542238116264,Spine,SP7,S82030_eT1W_TSE_CLEAR_20260305081552_702_i00002,2.003
16.375448713662202,0.6577186942319428,0.023038547486066818,0.15178454297479313,0.7360401749610901,0.7626498341560364,0.0005170928197912872,1.289453148841858,1.621180534362793,2.9913268089294434,48.18568420410156,0.12444266676902771,5.808279142380604,6.7275270589088,0.12169922888278961,0.21105456352233887,0.02947414107620716,0.09573914110660553,0.10190478712320328,0.19360516965389252,0.1347457468509674,0.0,Spine,SP7,S82030_eeSTIR_TSE_COR_20260305081552_402,1.617
17.199578569454953,0.8213388466913284,0.01905645616352558,0.13804512364993404,0.8961178660392761,0.8855856657028198,0.0005992745864205062,0.6336299180984497,3.7076783180236816,5.094788074493408,25.05396842956543,0.1485811471939087,7.340163508043498,7.7524267458326355,0.2104976922273636,0.264303058385849,0.21433594822883606,0.3590502142906189,0.2792046070098877,0.3773093819618225,0.026407266035676003,0.04961388558149338,Spine,SP7,S82030_eT1W_TSE_CLEAR_20260305081552_702_i00007,2.263
15.720586652150228,0.7719605412447396,0.02678806520998478,0.1636705997116916,0.8236697912216187,0.8433977961540222,0.00086075539002195,0.6241337060928345,3.4965553283691406,4.478586196899414,26.327238082885742,0.15607516467571259,7.003401769781492,7.375265587643875,0.19433777034282684,0.24694129824638367,0.17773756384849548,0.3065933585166931,0.2248094081878662,0.32438352704048157,0.029850605875253677,0.05860000476241112,Spine,SP7,S82030_eT1W_TSE_CLEAR_20260305081552_702_i00012,2.261
13.197794018567118,0.6959371564978953,0.047887325286865234,0.21883172824539232,0.7246695756912231,0.7942293882369995,0.0012004683958366513,0.6765332221984863,3.6835570335388184,4.847891807556152,25.229890823364258,0.19948282837867737,6.921238600049855,7.540452359279717,0.1682908535003662,0.2570078670978546,0.16590113937854767,0.3523877263069153,0.21448193490505219,0.35592588782310486,0.030256737023591995,0.05859998241066933,Spine,SP7,S82030_eT1W_TSE_CLEAR_20260305081552_702_i00016,2.291
15.047305766847117,0.7514503579964572,0.031280189752578735,0.17686206419856898,0.757022500038147,0.8208318948745728,0.0008052096236497164,0.7331724762916565,3.4430012702941895,4.601677417755127,27.29840087890625,0.1672111451625824,6.732104101839424,7.365372010640009,0.15714722871780396,0.24020832777023315,0.15830101072788239,0.31040072441101074,0.21547235548496246,0.33999860286712646,0.023272255435585976,0.03515999764204025,Spine,SP7,S82030_eT1W_TSE_CLEAR_20260305081552_702_i00019,2.372
13.165463636437478,0.6749354804187258,0.0482451468706131,0.21964777911605002,0.6754921674728394,0.757408618927002,0.0014544285368174314,0.7970351576805115,3.9111242294311523,5.296722888946533,24.16523551940918,0.22111114859580994,6.711924147696952,7.534050202875627,0.143931046128273,0.23971419036388397,0.14250844717025757,0.40688925981521606,0.21357353031635284,0.4031299352645874,0.03662499040365219,0.08236554265022278,Spine,SP7,S82030_eT1W_TSE_CLEAR_20260305081552_702_i00022,2.344
14.058850142304971,0.7374662843642805,0.03927489370107651,0.1981789436369982,0.8354597687721252,0.8510593175888062,0.000880848616361618,0.5735648274421692,3.5781915187835693,5.44720458984375,23.539630889892578,0.19892430305480957,7.265208720929192,7.845903277164899,0.21813833713531494,0.30013546347618103,0.1469467580318451,0.33771514892578125,0.2618982493877411,0.39464351534843445,0.015089872293174267,0.02918463759124279,Spine,SP7,S82030_eT2W_TSE_DRIVE_HR_20260305081552_602_i00001,1.477
17.601352972722747,0.7806319944620707,0.017372597008943558,0.13180514788483627,0.6873591542243958,0.8377514481544495,0.000787249649874866,0.8208261132240295,2.443580389022827,3.0327606201171875,44.09916687011719,0.0869399905204773,3.920729906491333,4.398297584674627,0.17196741700172424,0.24065089225769043,0.08757656812667847,0.18836912512779236,0.11850513517856598,0.18360698223114014,0.14353038370609283,0.0,Spine,SP7,S82030_eT2W_TSE_20260305081552_303,1.571
17.21175668921687,0.5894786823591792,0.019003095105290413,0.13785171419061285,0.7760862112045288,0.874203085899353,0.0007536380435340106,0.8031045198440552,2.5810956954956055,3.2909135818481445,42.694210052490234,0.09037771075963974,4.4707236229324545,4.7943937214017165,0.19296549260616302,0.273326575756073,0.10633952915668488,0.20298084616661072,0.13632431626319885,0.19242827594280243,0.1825626790523529,0.0,Spine,SP7,S82030_eT2W_TSE_20260305081552_304,1.599
15.325330146296414,0.7309980039238348,0.029340466484427452,0.17129059076443007,0.8447883725166321,0.86029052734375,0.0009138021850958467,0.5541261434555054,3.977964401245117,5.441150665283203,21.20903205871582,0.18295004963874817,6.983657772716532,7.66691123426608,0.2199779897928238,0.2952556610107422,0.17123018205165863,0.38147661089897156,0.26513057947158813,0.3964833915233612,0.01164329145103693,0.017510786652565002,Spine,SP7,S82030_eT2W_TSE_DRIVE_HR_20260305081552_602_i00002,2.8
19.28098671786582,0.8157076791905462,0.011800525709986687,0.10863022466140207,0.9345139265060425,0.9082004427909851,0.00046327876043505967,0.5063511729240417,3.986555814743042,5.4000773429870605,22.045705795288086,0.13627606630325317,7.346812344924301,7.571579350321936,0.25619542598724365,0.29294243454933167,0.30302193760871887,0.3873544931411743,0.3302065432071686,0.3935324549674988,0.014347545802593231,0.011673858389258385,Spine,SP7,S82030_eT2W_TSE_DRIVE_HR_20260305081552_602_i00019,2.496
15.763713099585775,0.7543104838158852,0.026523366570472717,0.16285995999776223,0.8719764947891235,0.875217616558075,0.0008030505268834531,0.5241031646728516,4.179899215698242,5.5518670082092285,19.972736358642578,0.17642733454704285,7.183278580351508,7.644209170478936,0.2308647185564041,0.30443063378334045,0.21078653633594513,0.39731523394584656,0.2890356779098511,0.4029654562473297,0.01238923892378807,0.017510781064629555,Spine,SP7,S82030_eT2W_TSE_DRIVE_HR_20260305081552_602_i00007,2.814
16.82889410368638,0.7959799635573553,0.020754419267177582,0.14406394159253585,0.8875004053115845,0.8876272439956665,0.0007381541072390974,0.5819045305252075,4.094141960144043,5.656839370727539,21.934022903442383,0.16042770445346832,7.292721668753939,7.655658060165503,0.22838225960731506,0.2925204336643219,0.2602840065956116,0.4395309388637543,0.31028544902801514,0.41941729187965393,0.009818409569561481,0.011673854663968086,Spine,SP7,S82030_eT2W_TSE_DRIVE_HR_20260305081552_602_i00022,2.546
19.342807622682468,0.8110465525266906,0.011633737944066525,0.10785980689796605,0.9352247714996338,0.9111302495002747,0.0005031691398471594,0.47800102829933167,4.263974189758301,5.2155961990356445,20.031166076660156,0.13133832812309265,7.250658608179462,7.467098794609784,0.26923853158950806,0.2915959060192108,0.29048487544059753,0.3757534325122833,0.3202400505542755,0.37575939297676086,0.013477995991706848,0.02334771119058132,Spine,SP7,S82030_eT2W_TSE_DRIVE_HR_20260305081552_602_i00012,2.836
15.349537921803012,0.7399531736712114,0.02917737513780594,0.17081386108219068,0.8516849875450134,0.8625611662864685,0.0008526652818545699,0.5276634693145752,4.50123929977417,5.698005676269531,18.901142120361328,0.18092168867588043,7.071367272306898,7.5241477225966085,0.227582648396492,0.305414617061615,0.2369852364063263,0.43029719591140747,0.2899726927280426,0.41708728671073914,0.011860639788210392,0.02334771677851677,Spine,SP7,S82030_eT2W_TSE_DRIVE_HR_20260305081552_602_i00016,2.846
17.125979426878754,0.7482853663691178,0.019382154569029808,0.1392198066692732,0.571900486946106,0.8056546449661255,0.001109862932935357,0.6766209602355957,3.1532626152038574,3.0435891151428223,36.02266311645508,0.10008837282657623,3.7179566066645076,4.282480748710439,0.12612056732177734,0.21831391751766205,0.08976688235998154,0.2193555384874344,0.11712232232093811,0.19570881128311157,0.10868584364652634,0.0,Spine,SP8,S82032_eSTIR_TSE_20260304134706_503,0.912
17.125979426878754,0.7482853663691178,0.019382154569029808,0.1392198066692732,0.571900486946106,0.8056546449661255,0.001109862932935357,0.6766209602355957,3.1532626152038574,3.0435891151428223,36.02266311645508,0.10008837282657623,3.7179566066645076,4.282480748710439,0.12612056732177734,0.21831391751766205,0.08976688235998154,0.2193555384874344,0.11712232232093811,0.19570881128311157,0.10868584364652634,0.0,Spine,SP8,S82032_eSTIR_TSE_20260304134706_503a,0.918
19.204213320675624,0.8481766800300897,0.012010985054075718,0.10959463971415627,0.8882654309272766,0.8748874068260193,0.0006929734372533858,0.7409411668777466,2.587473154067993,3.460404396057129,41.48250198364258,0.08225131034851074,4.662277119746447,5.030076643015717,0.2058624029159546,0.28951290249824524,0.10333771258592606,0.19782587885856628,0.14378532767295837,0.2028055340051651,0.21446868777275085,0.0,Spine,SP7,S82030_T1W_TSE_sag_20260305081552_501,1.336
17.245232226171396,0.5623756119713192,0.018857181072235107,0.13732145160984538,0.7132090330123901,0.8604540228843689,0.0006952371331863105,0.5705753564834595,2.911223888397217,3.252617597579956,36.04896926879883,0.10437359660863876,4.280799826088709,4.794366038716972,0.13899709284305573,0.23730556666851044,0.10207506269216537,0.19299523532390594,0.14781726896762848,0.20660918951034546,0.143416166305542,0.0,Spine,SP8,S82032_eSTIR_TSE_20260304134706_504,1.158
17.245232226171396,0.5623756119713192,0.018857181072235107,0.13732145160984538,0.7132090330123901,0.8604540228843689,0.0006952371331863105,0.5705753564834595,2.911223888397217,3.252617597579956,36.04896926879883,0.10437359660863876,4.280799826088709,4.794366038716972,0.13899709284305573,0.23730556666851044,0.10207506269216537,0.19299523532390594,0.14781726896762848,0.20660918951034546,0.143416166305542,0.0,Spine,SP8,S82032_eSTIR_TSE_20260304134706_504a,1.158
16.763470578402234,0.43450701852708595,0.021069437265396118,0.1451531510694691,0.7692850232124329,0.7872593402862549,0.0012484760954976082,0.9118953943252563,2.7919762134552,3.32473087310791,41.187599182128906,0.11679895222187042,4.1187705033075135,4.644672888266541,0.13676859438419342,0.27006423473358154,0.08893495053052902,0.22989778220653534,0.11194586753845215,0.1974521279335022,0.0,0.0,Spine,SP7,S82030_SC_MobiView_eT2W_TSE_20260305081552_305,2.273
17.025131380188665,0.629277314294053,0.01983749493956566,0.14084564224556492,0.6153397560119629,0.8318512439727783,0.0009571916307322681,0.7409602403640747,2.8888638019561768,3.0787739753723145,39.34421920776367,0.09455563127994537,3.840617980096829,4.322542741745484,0.14948417246341705,0.23317910730838776,0.09999152272939682,0.21892519295215607,0.12253343313932419,0.1912887841463089,0.12571614980697632,0.0,Spine,SP8,S82032_eT2W_TSE_20260304134706_303,1.872
15.782797306767176,0.6382531624919359,0.026407072320580482,0.16250253019747257,0.6589561104774475,0.7753233313560486,0.001030424959026277,0.8999380469322205,2.3736021518707275,3.205777168273926,44.26491165161133,0.11056600511074066,4.277503347870169,4.842107156200898,0.1301252692937851,0.2620775103569031,0.057696521282196045,0.1751234233379364,0.10394950211048126,0.18953964114189148,0.14090313017368317,0.0,Spine,SP8,S82032_eT1W_TSE_20260304134706_404,1.98
17.025131380188665,0.629277314294053,0.01983749493956566,0.14084564224556492,0.6153397560119629,0.8318512439727783,0.0009571916307322681,0.7409602403640747,2.8888638019561768,3.0787739753723145,39.34421920776367,0.09455563127994537,3.840617980096829,4.322542741745484,0.14948417246341705,0.23317910730838776,0.09999152272939682,0.21892519295215607,0.12253343313932419,0.1912887841463089,0.12571614980697632,0.0,Spine,SP8,S82032_eT2W_TSE_20260304134706_303a,1.91
15.782797306767176,0.6382531624919359,0.026407072320580482,0.16250253019747257,0.6589561104774475,0.7753233313560486,0.001030424959026277,0.8999380469322205,2.3736021518707275,3.205777168273926,44.26491165161133,0.11056600511074066,4.277503347870169,4.842107156200898,0.1301252692937851,0.2620775103569031,0.057696521282196045,0.1751234233379364,0.10394950211048126,0.18953964114189148,0.14090313017368317,0.0,Spine,SP8,S82032_eT1W_TSE_20260304134706_404a,2.025
16.21420750545638,0.5966103778898596,0.023909980431199074,0.15462852398958957,0.531385600566864,0.7470828294754028,0.0010729730129241943,1.0025991201400757,2.2767508029937744,2.7405529022216797,47.504512786865234,0.09906220436096191,3.7229527759032406,4.279895553135364,0.11869675666093826,0.2249239981174469,0.0498182475566864,0.15670859813690186,0.08377978950738907,0.16159385442733765,0.10722141712903976,0.0,Spine,SP8,S82032_eT1W_TSE_20260304134706_403a,2.449
16.21420750545638,0.5966103778898596,0.023909980431199074,0.15462852398958957,0.531385600566864,0.7470828294754028,0.0010729730129241943,1.0025991201400757,2.2767508029937744,2.7405529022216797,47.504512786865234,0.09906220436096191,3.7229527759032406,4.279895553135364,0.11869675666093826,0.2249239981174469,0.0498182475566864,0.15670859813690186,0.08377978950738907,0.16159385442733765,0.10722141712903976,0.0,Spine,SP8,S82032_eT1W_TSE_20260304134706_403,2.498
16.537061691391962,0.5552134684232785,0.022196976467967033,0.1489864976028601,0.6893612742424011,0.8404598832130432,0.0008043819689191878,0.7621169090270996,2.541105270385742,3.2122111320495605,42.1833381652832,0.10247116535902023,4.366971107112567,4.846644903683084,0.14898952841758728,0.25377240777015686,0.08762962371110916,0.19235196709632874,0.12714073061943054,0.1943349838256836,0.14693954586982727,0.0,Spine,SP8,S82032_eT2W_TSE_20260304134706_304,1.642
16.89141223313619,0.7418612766350706,0.020457793027162552,0.1430307415458738,0.8596735596656799,0.8825012445449829,0.0007091086590662599,0.5103319883346558,3.924060344696045,5.137216567993164,21.71322250366211,0.1503482311964035,6.61172962102007,6.988511773512948,0.22979727387428284,0.2992771565914154,0.1873541623353958,0.3437703549861908,0.2691556215286255,0.36408281326293945,0.2293851673603058,0.0,Spine,SP8,S82032_eT2W_TSE_DRIVE_HR_20260304134706_602_i00001,1.962
16.537061691391962,0.5552134684232785,0.022196976467967033,0.1489864976028601,0.6893612742424011,0.8404598832130432,0.0008043819689191878,0.7621169090270996,2.541105270385742,3.2122111320495605,42.1833381652832,0.10247116535902023,4.366971107112567,4.846644903683084,0.14898952841758728,0.25377240777015686,0.08762962371110916,0.19235196709632874,0.12714073061943054,0.1943349838256836,0.14693954586982727,0.0,Spine,SP8,S82032_eT2W_TSE_20260304134706_304a,1.811
16.89141223313619,0.7418612766350706,0.020457793027162552,0.1430307415458738,0.8596735596656799,0.8825012445449829,0.0007091086590662599,0.5103319883346558,3.924060344696045,5.137216567993164,21.71322250366211,0.1503482311964035,6.61172962102007,6.988511773512948,0.22979727387428284,0.2992771565914154,0.1873541623353958,0.3437703549861908,0.2691556215286255,0.36408281326293945,0.2293851673603058,0.0,Spine,SP8,S82032_eT2W_TSE_DRIVE_HR_20260304134706_602_i00001a,1.996
17.731185203494427,0.7596569756051069,0.016860926523804665,0.12984963043383937,0.899848997592926,0.9039586186408997,0.0005416616331785917,0.5019211173057556,3.9222211837768555,4.997272491455078,21.601032257080078,0.132999986410141,6.682979404022129,6.98889525167461,0.2509346604347229,0.3116762638092041,0.21033309400081635,0.33646515011787415,0.27090489864349365,0.343889057636261,0.2528752088546753,0.31167641282081604,Spine,SP8,S82032_eT2W_TSE_DRIVE_HR_20260304134706_602_i00006,2.094
17.731185203494427,0.7596569756051069,0.016860926523804665,0.12984963043383937,0.899848997592926,0.9039586186408997,0.0005416616331785917,0.5019211173057556,3.9222211837768555,4.997272491455078,21.601032257080078,0.132999986410141,6.682979404022129,6.98889525167461,0.2509346604347229,0.3116762638092041,0.21033309400081635,0.33646515011787415,0.27090489864349365,0.343889057636261,0.2528752088546753,0.31167641282081604,Spine,SP8,S82032_eT2W_TSE_DRIVE_HR_20260304134706_602_i00006a,2.103
16.209118418615812,0.7745376885020063,0.02393801510334015,0.15471914911652063,0.8399696350097656,0.8309511542320251,0.0012456935364753008,0.7208353877067566,4.411647319793701,6.111996650695801,20.962648391723633,0.20137006044387817,7.254267418693525,7.886238370086419,0.18409016728401184,0.2661421298980713,0.20315073430538177,0.5050315856933594,0.2891581058502197,0.478083074092865,0.02851114608347416,0.07004312425851822,Spine,SP12,S82031_eT1W_TSE_CLEAR_20260305090906_802_i00001,1.304
16.209118418615812,0.7745376885020063,0.02393801510334015,0.15471914911652063,0.8399696350097656,0.8309511542320251,0.0012456935364753008,0.7208353877067566,4.411647319793701,6.111996650695801,20.962648391723633,0.20137006044387817,7.254267418693525,7.886238370086419,0.18409016728401184,0.2661421298980713,0.20315073430538177,0.5050315856933594,0.2891581058502197,0.478083074092865,0.02851114608347416,0.07004312425851822,Spine,SP12,S82031_eT1W_TSE_CLEAR_20260305090906_802_i00001a,1.376
16.746147122048797,0.7786865761628528,0.021153649315238,0.1454429417855607,0.8197044730186462,0.8358240127563477,0.0011457554064691067,0.6607767939567566,4.409696102142334,5.675792217254639,20.556900024414062,0.18725942075252533,7.243506595357817,7.804163170528281,0.18603138625621796,0.24197569489479065,0.18892884254455566,0.4594263434410095,0.27663320302963257,0.44656476378440857,0.025845307856798172,0.046695444732904434,Spine,SP12,S82031_eT1W_TSE_CLEAR_20260305090906_802_i00005,2.478
16.746147122048797,0.7786865761628528,0.021153649315238,0.1454429417855607,0.8197044730186462,0.8358240127563477,0.0011457554064691067,0.6607767939567566,4.409696102142334,5.675792217254639,20.556900024414062,0.18725942075252533,7.243506595357817,7.804163170528281,0.18603138625621796,0.24197569489479065,0.18892884254455566,0.4594263434410095,0.27663320302963257,0.44656476378440857,0.025845307856798172,0.046695444732904434,Spine,SP12,S82031_eT1W_TSE_CLEAR_20260305090906_802_i00005a,2.456
17.434120831575285,0.7850203096073952,0.018054602667689323,0.13436741668905197,0.8560605049133301,0.8354648351669312,0.0011593061499297619,0.6354865431785583,4.6858015060424805,6.045851707458496,19.176416397094727,0.19120845198631287,7.197676077359984,7.7937793924775125,0.19408291578292847,0.24950680136680603,0.21751298010349274,0.5073069930076599,0.29795825481414795,0.47981223464012146,0.024124814197421074,0.04669542238116264,Spine,SP12,S82031_eT1W_TSE_CLEAR_20260305090906_802_i00010,2.469
17.434120831575285,0.7850203096073952,0.018054602667689323,0.13436741668905197,0.8560605049133301,0.8354648351669312,0.0011593061499297619,0.6354865431785583,4.6858015060424805,6.045851707458496,19.176416397094727,0.19120845198631287,7.197676077359984,7.7937793924775125,0.19408291578292847,0.24950680136680603,0.21751298010349274,0.5073069930076599,0.29795825481414795,0.47981223464012146,0.024124814197421074,0.04669542238116264,Spine,SP12,S82031_eT1W_TSE_CLEAR_20260305090906_802_i00010a,2.492
17.314536818271936,0.7859462214049522,0.018558647483587265,0.13623012693081976,0.8497071266174316,0.8497982621192932,0.0011121584102511406,0.5955824851989746,4.569028854370117,5.82567024230957,20.08295440673828,0.18735910952091217,7.516069138836858,7.828240171303385,0.2158888578414917,0.248161181807518,0.20248167216777802,0.46375951170921326,0.2980058491230011,0.4584534168243408,0.03260805085301399,0.05253232643008232,Spine,SP12,S82031_eT1W_TSE_CLEAR_20260305090906_802_i00013,2.187
17.314536818271936,0.7859462214049522,0.018558647483587265,0.13623012693081976,0.8497071266174316,0.8497982621192932,0.0011121584102511406,0.5955824851989746,4.569028854370117,5.82567024230957,20.08295440673828,0.18735910952091217,7.516069138836858,7.828240171303385,0.2158888578414917,0.248161181807518,0.20248167216777802,0.46375951170921326,0.2980058491230011,0.4584534168243408,0.03260805085301399,0.05253232643008232,Spine,SP12,S82031_eT1W_TSE_CLEAR_20260305090906_802_i00013a,2.189
14.914794281124678,0.7019382554254802,0.032249320298433304,0.1795809575050576,0.7893972992897034,0.7959324717521667,0.0015049303183332086,0.6947026252746582,4.0314621925354,5.004087448120117,23.307024002075195,0.19802361726760864,6.922423787817647,7.5878460073714615,0.1753375083208084,0.2103964239358902,0.1494298130273819,0.3782120943069458,0.23057520389556885,0.3886127471923828,0.08333001285791397,0.11766505241394043,Spine,SP12,S82031_eT1W_TSE_CLEAR_20260305090906_802_i00019,1.276
14.914794281124678,0.7019382554254802,0.032249320298433304,0.1795809575050576,0.7893972992897034,0.7959324717521667,0.0015049303183332086,0.6947026252746582,4.0314621925354,5.004087448120117,23.307024002075195,0.19802361726760864,6.922423787817647,7.5878460073714615,0.1753375083208084,0.2103964239358902,0.1494298130273819,0.3782120943069458,0.23057520389556885,0.3886127471923828,0.08333001285791397,0.11766505241394043,Spine,SP12,S82031_eT1W_TSE_CLEAR_20260305090906_802_i00019a,1.287
13.874490088466393,0.667851492820886,0.040978021919727325,0.2024302890373062,0.7405643463134766,0.7715471386909485,0.0015776153886690736,0.6746947169303894,4.422578811645508,5.697636127471924,20.76365089416504,0.2400633990764618,7.056044528698056,7.765452644900661,0.16096757352352142,0.22662124037742615,0.14169374108314514,0.45288872718811035,0.24546895921230316,0.4563882052898407,0.02727690152823925,0.05273997038602829,Spine,SP12,S82031_eT1W_TSE_CLEAR_20260305090906_802_i00016,2.191
13.874490088466393,0.667851492820886,0.040978021919727325,0.2024302890373062,0.7405643463134766,0.7715471386909485,0.0015776153886690736,0.6746947169303894,4.422578811645508,5.697636127471924,20.76365089416504,0.2400633990764618,7.056044528698056,7.765452644900661,0.16096757352352142,0.22662124037742615,0.14169374108314514,0.45288872718811035,0.24546895921230316,0.4563882052898407,0.02727690152823925,0.05273997038602829,Spine,SP12,S82031_eT1W_TSE_CLEAR_20260305090906_802_i00016a,2.163
19.192585885065128,0.6893761670404466,0.012043186463415623,0.10974145280346721,0.8270564675331116,0.8857097029685974,0.00045761826913803816,0.8076390624046326,2.388282299041748,2.9742989540100098,45.47037124633789,0.07210381329059601,4.180894366184487,4.533826698352718,0.2149578183889389,0.2535727918148041,0.10161155462265015,0.17577768862247467,0.12414182722568512,0.17064493894577026,0.18579421937465668,0.0,Spine,SP12,S82031_eT2W_TSE_20260305090906_303,1.476
19.192585885065128,0.6893761670404466,0.012043186463415623,0.10974145280346721,0.8270564675331116,0.8857097029685974,0.00045761826913803816,0.8076390624046326,2.388282299041748,2.9742989540100098,45.47037124633789,0.07210381329059601,4.180894366184487,4.533826698352718,0.2149578183889389,0.2535727918148041,0.10161155462265015,0.17577768862247467,0.12414182722568512,0.17064493894577026,0.18579421937465668,0.0,Spine,SP12,S82031_eT2W_TSE_20260305090906_303a,1.528
17.89654469585591,0.5928331080882162,0.016231009736657143,0.12740098012439757,0.8327652215957642,0.8618537187576294,0.0007548248395323753,0.7887953519821167,2.668212413787842,3.206068515777588,41.724430084228516,0.08773234486579895,4.573113972215345,4.874364941425387,0.20148397982120514,0.27355074882507324,0.1080716997385025,0.20257633924484253,0.1282213181257248,0.18383166193962097,0.20366664230823517,0.0,Spine,SP12,S82031_eT2W_TSE_20260305090906_304,1.813
17.89654469585591,0.5928331080882162,0.016231009736657143,0.12740098012439757,0.8327652215957642,0.8618537187576294,0.0007548248395323753,0.7887953519821167,2.668212413787842,3.206068515777588,41.724430084228516,0.08773234486579895,4.573113972215345,4.874364941425387,0.20148397982120514,0.27355074882507324,0.1080716997385025,0.20257633924484253,0.1282213181257248,0.18383166193962097,0.20366664230823517,0.0,Spine,SP12,S82031_eT2W_TSE_20260305090906_304a,1.877
14.234021165681856,0.7247575077274953,0.03772227466106415,0.194222230089823,0.8245220184326172,0.8450176119804382,0.0009700867813080549,0.5591698884963989,4.189504146575928,5.721045970916748,20.126813888549805,0.20850832760334015,7.293209302924967,7.847618439310349,0.20347468554973602,0.29420050978660583,0.17793124914169312,0.40625452995300293,0.2738199234008789,0.4249947667121887,0.017649756744503975,0.02918463759124279,Spine,SP12,S82031_eT2W_TSE_DRIVE_HR_20260305090906_702_i00005,1.351
14.234021165681856,0.7247575077274953,0.03772227466106415,0.194222230089823,0.8245220184326172,0.8450176119804382,0.0009700867813080549,0.5591698884963989,4.189504146575928,5.721045970916748,20.126813888549805,0.20850832760334015,7.293209302924967,7.847618439310349,0.20347468554973602,0.29420050978660583,0.17793124914169312,0.40625452995300293,0.2738199234008789,0.4249947667121887,0.017649756744503975,0.02918463759124279,Spine,SP12,S82031_eT2W_TSE_DRIVE_HR_20260305090906_702_i00005a,1.322
13.287503003695353,0.7126843505802034,0.04690830036997795,0.2165832412029563,0.8017703890800476,0.828980565071106,0.0010657247621566057,0.6083533763885498,3.677398681640625,5.319618225097656,22.97300148010254,0.21471089124679565,7.112586864234051,7.7565619143709705,0.20513159036636353,0.2772822380065918,0.13714143633842468,0.35587289929389954,0.2431141436100006,0.3933165669441223,0.018341192975640297,0.03488423302769661,Spine,SP12,S82031_eT2W_TSE_DRIVE_HR_20260305090906_702_i00001a,2.858
13.287503003695353,0.7126843505802034,0.04690830036997795,0.2165832412029563,0.8017703890800476,0.828980565071106,0.0010657247621566057,0.6083533763885498,3.677398681640625,5.319618225097656,22.97300148010254,0.21471089124679565,7.112586864234051,7.7565619143709705,0.20513159036636353,0.2772822380065918,0.13714143633842468,0.35587289929389954,0.2431141436100006,0.3933165669441223,0.018341192975640297,0.03488423302769661,Spine,SP12,S82031_eT2W_TSE_DRIVE_HR_20260305090906_702_i00001,2.882
14.156223228788125,0.7159508280668742,0.038404107093811035,0.19596965860512958,0.8341413736343384,0.832518458366394,0.0009980524191632867,0.5786393880844116,4.182085037231445,5.729857444763184,20.49961280822754,0.21546338498592377,7.236946859961703,7.7996826997696305,0.2000666856765747,0.28480178117752075,0.17210514843463898,0.41667598485946655,0.26698189973831177,0.4305308759212494,0.015036304481327534,0.02918463759124279,Spine,SP12,S82031_eT2W_TSE_DRIVE_HR_20260305090906_702_i00010,1.237
14.156223228788125,0.7159508280668742,0.038404107093811035,0.19596965860512958,0.8341413736343384,0.832518458366394,0.0009980524191632867,0.5786393880844116,4.182085037231445,5.729857444763184,20.49961280822754,0.21546338498592377,7.236946859961703,7.7996826997696305,0.2000666856765747,0.28480178117752075,0.17210514843463898,0.41667598485946655,0.26698189973831177,0.4305308759212494,0.015036304481327534,0.02918463759124279,Spine,SP12,S82031_eT2W_TSE_DRIVE_HR_20260305090906_702_i00010a,1.221
15.154346206306224,0.7476646590127767,0.030518654733896255,0.1746958921494614,0.8597680330276489,0.8549618124961853,0.0008802334778010845,0.5573612451553345,4.229816436767578,5.582740306854248,20.392404556274414,0.19673404097557068,7.290882565212237,7.831350592862075,0.20629364252090454,0.27590668201446533,0.17923809587955475,0.3956833779811859,0.278494268655777,0.4202730059623718,0.019007431343197823,0.029184643179178238,Spine,SP12,S82031_eT2W_TSE_DRIVE_HR_20260305090906_702_i00013,1.627
15.154346206306224,0.7476646590127767,0.030518654733896255,0.1746958921494614,0.8597680330276489,0.8549618124961853,0.0008802334778010845,0.5573612451553345,4.229816436767578,5.582740306854248,20.392404556274414,0.19673404097557068,7.290882565212237,7.831350592862075,0.20629364252090454,0.27590668201446533,0.17923809587955475,0.3956833779811859,0.278494268655777,0.4202730059623718,0.019007431343197823,0.029184643179178238,Spine,SP12,S82031_eT2W_TSE_DRIVE_HR_20260305090906_702_i00013a,1.619
15.030417390171813,0.7419540024304464,0.031402070075273514,0.17720629242573052,0.8438471555709839,0.858182966709137,0.0008364466484636068,0.567680835723877,4.134884834289551,5.607834339141846,21.360158920288086,0.1980929970741272,7.34998997890279,7.880115106250642,0.19158411026000977,0.26529568433761597,0.19470851123332977,0.4116942882537842,0.28758111596107483,0.42811545729637146,0.02231840044260025,0.04085848852992058,Spine,SP12,S82031_eT2W_TSE_DRIVE_HR_20260305090906_702_i00016a,1.468
15.030417390171813,0.7419540024304464,0.031402070075273514,0.17720629242573052,0.8438471555709839,0.858182966709137,0.0008364466484636068,0.567680835723877,4.134884834289551,5.607834339141846,21.360158920288086,0.1980929970741272,7.34998997890279,7.880115106250642,0.19158411026000977,0.26529568433761597,0.19470851123332977,0.4116942882537842,0.28758111596107483,0.42811545729637146,0.02231840044260025,0.04085848852992058,Spine,SP12,S82031_eT2W_TSE_DRIVE_HR_20260305090906_702_i00016,1.495
15.632201886926754,0.749455464678979,0.027338823303580284,0.1653445593407303,0.8410630226135254,0.8732795119285583,0.000983832054771483,0.5675509572029114,4.296975135803223,5.438241958618164,21.31973648071289,0.18086007237434387,7.257068536270502,7.7457337646654825,0.20400914549827576,0.2562255859375,0.23263540863990784,0.44304358959198,0.293626606464386,0.41570574045181274,0.027528006583452225,0.046695444732904434,Spine,SP12,S82031_eT2W_TSE_DRIVE_HR_20260305090906_702_i00019,1.501
15.632201886926754,0.749455464678979,0.027338823303580284,0.1653445593407303,0.8410630226135254,0.8732795119285583,0.000983832054771483,0.5675509572029114,4.296975135803223,5.438241958618164,21.31973648071289,0.18086007237434387,7.257068536270502,7.7457337646654825,0.20400914549827576,0.2562255859375,0.23263540863990784,0.44304358959198,0.293626606464386,0.41570574045181274,0.027528006583452225,0.046695444732904434,Spine,SP12,S82031_eT2W_TSE_DRIVE_HR_20260305090906_702_i00019a,1.476
20.50756710075603,0.6474004178097912,0.008896993473172188,0.09432387541429894,0.9283689260482788,0.875898540019989,0.000649172579869628,0.7307771444320679,2.850320816040039,3.4722237586975098,38.8321647644043,0.08005517721176147,4.775450679570751,5.256941625552186,0.2134512960910797,0.2875370979309082,0.12538427114486694,0.21903349459171295,0.1454434096813202,0.2034543752670288,0.23921646177768707,0.0,Spine,SP12,S82031_T1W_TSE_sag_20260305090906_501,1.447
20.50756710075603,0.6474004178097912,0.008896993473172188,0.09432387541429894,0.9283689260482788,0.875898540019989,0.000649172579869628,0.7307771444320679,2.850320816040039,3.4722237586975098,38.8321647644043,0.08005517721176147,4.775450679570751,5.256941625552186,0.2134512960910797,0.2875370979309082,0.12538427114486694,0.21903349459171295,0.1454434096813202,0.2034543752670288,0.23921646177768707,0.0,Spine,SP12,S82031_T1W_TSE_sag_20260305090906_501a,1.466
17.967933953325133,0.5122129274590241,0.01596638560295105,0.12635816397428007,0.8432815670967102,0.8167977929115295,0.0010105641558766365,0.8853273391723633,2.786745548248291,3.224066734313965,41.518497467041016,0.10354133695363998,4.302484351355869,4.728442560988881,0.16503800451755524,0.27351105213165283,0.0975230410695076,0.21906335651874542,0.11319145560264587,0.18565133213996887,0.0,0.0,Spine,SP12,S82031_SC_MobiView_eT2W_TSE_20260305090906_305,2.422
17.967933953325133,0.5122129274590241,0.01596638560295105,0.12635816397428007,0.8432815670967102,0.8167977929115295,0.0010105641558766365,0.8853273391723633,2.786745548248291,3.224066734313965,41.518497467041016,0.10354133695363998,4.302484351355869,4.728442560988881,0.16503800451755524,0.27351105213165283,0.0975230410695076,0.21906335651874542,0.11319145560264587,0.18565133213996887,0.0,0.0,Spine,SP12,S82031_SC_MobiView_eT2W_TSE_20260305090906_305a,2.473
17.240476043410293,0.5355341083087544,0.018877843394875526,0.13739666442412468,0.6699163913726807,0.8434321880340576,0.0008326368988491595,0.735737144947052,2.7593517303466797,3.168168067932129,39.836326599121094,0.09747850149869919,3.948471450610616,4.42198996774141,0.15143415331840515,0.23741191625595093,0.08876583725214005,0.20331792533397675,0.12774451076984406,0.19811101257801056,0.13618065416812897,0.0,Spine,SP15,S82041_eSTIR_TSE_20260306093302_503,0.98
16.24156238446439,0.5224068855359385,0.023759854957461357,0.15414232046216692,0.6190906167030334,0.8024507164955139,0.0009634899906814098,0.7699959874153137,2.55395770072937,3.1300270557403564,40.56368637084961,0.11157155781984329,4.215652876528188,4.79544413708449,0.12284892797470093,0.234954833984375,0.06040272116661072,0.17856311798095703,0.11436537653207779,0.1955254077911377,0.12516285479068756,0.0,Spine,SP15,S82041_eSTIR_TSE_20260306093302_504,1.021
18.924978583613882,0.5944373085022906,0.012808614410459995,0.11317514926192938,0.845718264579773,0.8579233288764954,0.0005257300799712539,0.8320342302322388,1.9584622383117676,2.8377580642700195,49.3436164855957,0.07949230074882507,4.2602475061309075,4.6559331838673295,0.18092148005962372,0.2564027011394501,0.055306240916252136,0.115214042365551,0.10773018002510071,0.155574768781662,0.1895381659269333,0.0,Spine,SP12,S82031_STIR_TSE_20260305090906_601,3.003
18.924978583613882,0.5944373085022906,0.012808614410459995,0.11317514926192938,0.845718264579773,0.8579233288764954,0.0005257300799712539,0.8320342302322388,1.9584622383117676,2.8377580642700195,49.3436164855957,0.07949230074882507,4.2602475061309075,4.6559331838673295,0.18092148005962372,0.2564027011394501,0.055306240916252136,0.115214042365551,0.10773018002510071,0.155574768781662,0.1895381659269333,0.0,Spine,SP12,S82031_STIR_TSE_20260305090906_601a,2.994
16.576736329680553,0.6293204145792559,0.021995121613144875,0.14830752379142764,0.6317116618156433,0.7913128733634949,0.0007564810803160071,0.9570457935333252,2.0439205169677734,2.8092029094696045,49.851959228515625,0.0924840122461319,3.9186052034452183,4.454095207691961,0.1477469950914383,0.24363631010055542,0.049618903547525406,0.14159810543060303,0.08991231769323349,0.15910233557224274,0.13181917369365692,0.0,Spine,SP15,S82041_eT1W_TSE_20260306093302_403,1.542
16.346484175012016,0.7219074159884453,0.023192714899778366,0.1522915457265385,0.7687090039253235,0.8568273186683655,0.0008678549784235656,0.5608338713645935,3.49491024017334,4.864809036254883,26.069643020629883,0.1591307818889618,6.527943811080021,7.106647024484801,0.16410769522190094,0.2557009756565094,0.18256670236587524,0.34769532084465027,0.2443891167640686,0.35859617590904236,0.0,0.0,Spine,SP15,S82041_eT2W_TSE_DRIVE_HR_20260306093302_602_i00011,1.083
17.439119387974888,0.6784613581336778,0.01803383231163025,0.1342901050399107,0.7609577178955078,0.8643781542778015,0.0006260918453335762,0.7977735996246338,2.2207181453704834,3.1803433895111084,46.16895294189453,0.08697851747274399,4.214386406091233,4.561698513167081,0.191548153758049,0.2686525881290436,0.0780855044722557,0.1725187599658966,0.12366512417793274,0.18370819091796875,0.171221524477005,0.0,Spine,SP15,S82041_eT2W_TSE_20260306093302_303,1.605
15.440732033846183,0.6391364702850187,0.02857108600437641,0.16902983761566007,0.6395785808563232,0.7758643627166748,0.0009929522639140487,0.9742746949195862,2.059108018875122,3.0416698455810547,49.50312805175781,0.10545570403337479,4.2792675255388515,4.846163600794043,0.1361047625541687,0.2683072090148926,0.047106191515922546,0.15673623979091644,0.09146229922771454,0.17001646757125854,0.14128465950489044,0.0,Spine,SP15,S82041_eT1W_TSE_20260306093302_404,2.287
15.277851548581324,0.7749869303950071,0.02966298535466194,0.17222945553726268,0.8314400315284729,0.8761770129203796,0.0008344245725311339,0.5400962233543396,4.112891674041748,6.2026166915893555,20.11223602294922,0.20305579900741577,7.454432842581309,7.889687870885819,0.1973716765642166,0.2693994343280792,0.2185572385787964,0.429675817489624,0.34405481815338135,0.4855571389198303,0.03050575964152813,0.04669541120529175,Spine,SP15,S82041_eT2W_TSE_DRIVE_HR_20260306093302_602_i00001,1.845
15.491240440384713,0.5514144434453255,0.028240732848644257,0.1680497927658474,0.6728135347366333,0.8248295783996582,0.0009375070221722126,0.8807404637336731,2.500471353530884,3.3801186084747314,43.290687561035156,0.10887719690799713,4.387167270874108,4.863828869728972,0.15779061615467072,0.27900010347366333,0.07999406009912491,0.20611104369163513,0.12015961110591888,0.19851279258728027,0.15733271837234497,0.0,Spine,SP15,S82041_eT2W_TSE_20260306093302_304,2.484
15.991149536200776,0.44941331958309216,0.025170106440782547,0.1586508948628483,0.6796655654907227,0.7211175560951233,0.0016627826262265444,0.8619500398635864,3.125934362411499,3.4870123863220215,36.178462982177734,0.13759063184261322,3.9853239621546677,4.707079073318056,0.11042162775993347,0.25687387585639954,0.08001644909381866,0.25439944863319397,0.10898025333881378,0.2202645242214203,0.0,0.0,Spine,SP15,S82041_SC_MobiView_eSTIR_TSE_20260306093302_505,2.07
19.099040824411745,0.5622987877364196,0.012305404990911484,0.11092972996862241,0.778420627117157,0.8574602603912354,0.0004428165266290307,0.9820867776870728,1.7180025577545166,2.4560346603393555,56.490867614746094,0.06659512221813202,3.8644016912849923,4.304373642195465,0.18826015293598175,0.23304226994514465,0.05250847712159157,0.10934941470623016,0.08671998977661133,0.12908272445201874,0.16064317524433136,0.0,Spine,SP17,S82170_eT1W_TSE_20260221100326_403,1.881
18.729424094369232,0.7088500005333793,0.013398543000221252,0.11575207557629907,0.8412283062934875,0.8449994325637817,0.0006933613331057131,0.910412073135376,1.9746568202972412,2.8699913024902344,50.82154846191406,0.07629936933517456,4.344870277650189,4.70669686214184,0.1918673813343048,0.26439186930656433,0.055881571024656296,0.13583049178123474,0.09972125291824341,0.15480338037014008,0.1888682246208191,0.0,Spine,SP17,S82170_eT1W_TSE_20260221100326_404,2.062
18.99167397935023,0.8205094240337765,0.01261341292411089,0.11230945162412151,0.7986475229263306,0.8777720332145691,0.0006627968978136778,0.7784976959228516,2.7560696601867676,3.087460517883301,41.32209396362305,0.07579513639211655,3.945740572066945,4.357234044518662,0.19723568856716156,0.25181469321250916,0.10842425376176834,0.21765588223934174,0.1282036006450653,0.18415525555610657,0.1679093837738037,0.0,Spine,SP17,S82170_eT2W_TSE_20260221100326_303,1.55
15.98300605638704,0.47985939422601076,0.025217346847057343,0.15879970669701296,0.7427283525466919,0.7715442180633545,0.0012646771501749754,0.953963577747345,2.6437954902648926,3.4112625122070312,42.541954040527344,0.12317073345184326,4.2065114842186775,4.7613254112784515,0.13510826230049133,0.2827660143375397,0.07729294896125793,0.22153957188129425,0.10715845227241516,0.19974394142627716,0.0,0.0,Spine,SP15,S82041_SC_MobiView_eT2W_TSE_20260306093302_305,2.659
15.804043848839076,0.45297188701337365,0.02627819962799549,0.16210552004171694,0.695379376411438,0.7090033292770386,0.0012604629155248404,1.0780595541000366,2.258312225341797,3.041879653930664,48.403812408447266,0.12030702829360962,4.054092150691217,4.674844561974115,0.11771225929260254,0.26867279410362244,0.0546618290245533,0.17291735112667084,0.08256276696920395,0.1698518544435501,0.0,0.0,Spine,SP15,S82041_MobiView_eT1W_TSE_20260306093302_405,3.26
16.64228261758032,0.6769007382956822,0.021665651351213455,0.1471925655432823,0.7567983269691467,0.834490954875946,0.0009383117430843413,0.8065516352653503,2.608041286468506,3.2719974517822266,41.761558532714844,0.0979359894990921,4.338662783565407,4.719857344542304,0.17872236669063568,0.27988961338996887,0.07544644176959991,0.1919364035129547,0.11874796450138092,0.1872570663690567,0.17669065296649933,0.0,Spine,SP17,S82170_eT2W_TSE_20260221100326_304,1.245
13.755472416409546,0.7126471284840553,0.042116548866033554,0.20522316844360813,0.8191021084785461,0.8542361259460449,0.0010012277634814382,0.5669052004814148,4.11015510559082,5.198779582977295,21.718942642211914,0.19062253832817078,7.008196063456557,7.57971631805881,0.22381828725337982,0.3208465576171875,0.16379396617412567,0.38066020607948303,0.2344272881746292,0.3594476282596588,0.01944366842508316,0.04085849970579147,Spine,SP17,S82170_eT2W_TSE_DRIVE_HR_20260221100326_602_i00011,1.994
15.967198153379982,0.7713955880462083,0.025309305638074875,0.15908898653921608,0.874853253364563,0.8898919224739075,0.0008782291552051902,0.572358250617981,4.422314643859863,5.56702184677124,21.022174835205078,0.1667325496673584,7.281306423187149,7.604284530105561,0.22504839301109314,0.3026618957519531,0.24436599016189575,0.4666362702846527,0.29341790080070496,0.40536999702453613,0.0062821172177791595,0.0,Spine,SP17,S82170_eT2W_TSE_DRIVE_HR_20260221100326_602_i00017,1.773
13.659413174993023,0.7267084400436548,0.043058477342128754,0.20750536702005748,0.8099650740623474,0.8441213369369507,0.000900859129615128,0.5881890654563904,3.4668524265289307,4.888735771179199,24.756040573120117,0.19108766317367554,7.258217045447193,7.638962795248164,0.21063174307346344,0.2876216471195221,0.12127229571342468,0.2941853106021881,0.22322967648506165,0.3450581729412079,0.0243045873939991,0.04085849970579147,Spine,SP17,S82170_eT2W_TSE_DRIVE_HR_20260221100326_602_i00001,2.975
11.711890353968528,0.614960357920909,0.06742344796657562,0.2596602548842923,0.7061403393745422,0.7756139636039734,0.0015803608112037182,0.6263601183891296,3.799976348876953,4.996237277984619,22.927043914794922,0.23013773560523987,6.799937134421849,7.511982400813024,0.19061914086341858,0.3102553188800812,0.09800972789525986,0.33922675251960754,0.18510118126869202,0.3444916307926178,0.014783559367060661,0.040858492255210876,Spine,SP17,S82170_eT2W_TSE_DRIVE_HR_20260221100326_602_i00006,3.055
16.746552568258444,0.7286374161913383,0.021151674911379814,0.14543615407243074,0.8080014586448669,0.8183557391166687,0.0008056577062234282,0.5946987867355347,2.999397039413452,4.421112060546875,28.82780647277832,0.16149576008319855,6.7959412370859065,7.448245084196675,0.16529054939746857,0.23290620744228363,0.10198447108268738,0.24815987050533295,0.20174896717071533,0.324077308177948,0.011972378939390182,0.017649760469794273,Spine,SP17,S82170_T1W_TSE_GADO_POST_20260221100326_901_i00021,0.661
14.491427121120013,0.7360521887011545,0.03555144742131233,0.18855091466580673,0.8324806690216064,0.8696206212043762,0.000909675844013691,0.5561850666999817,3.9509739875793457,5.129453659057617,22.9013729095459,0.17401660978794098,7.056900029336748,7.466431330077648,0.22702306509017944,0.3176511526107788,0.1742963045835495,0.37033894658088684,0.24385470151901245,0.3541147708892822,0.009818407706916332,0.0,Spine,SP17,S82170_eT2W_TSE_DRIVE_HR_20260221100326_602_i00014,2.945
13.45249680249001,0.5423696266568607,0.04515962302684784,0.21250793638555676,0.5481410026550293,0.7097028493881226,0.0013738980051130056,0.6810786128044128,3.7050106525421143,4.554398536682129,22.21784782409668,0.22750473022460938,6.346683960493176,7.434362200865019,0.09537637233734131,0.1995210200548172,0.0646633729338646,0.26924651861190796,0.1678055375814438,0.3556101322174072,0.016473107039928436,0.046879999339580536,Spine,SP17,S82170_T1W_TSE_GADO_POST_20260221100326_901_i00001,1.52
14.389729413728586,0.678989625043654,0.036393772810697556,0.190771519915048,0.5204066038131714,0.6438536643981934,0.0014838359784334898,1.0068532228469849,2.5881600379943848,3.2768900394439697,40.55813217163086,0.13560833036899567,3.9827955484890536,4.6202741986603835,0.11337380856275558,0.26550406217575073,0.03608670458197594,0.1818290650844574,0.07862751185894012,0.1952129602432251,0.11973095685243607,0.0,Spine,SP17,S82170_T1W_TSE_POST_20260221100326_1001,0.935
11.83184069620342,0.4986788714891689,0.06558672338724136,0.2560990499538047,0.5361769795417786,0.6651301980018616,0.0018487568013370037,0.6976494193077087,3.7183258533477783,5.273732662200928,21.331098556518555,0.26848292350769043,6.6288015861366665,7.764208732962442,0.11635717004537582,0.25335243344306946,0.055638689547777176,0.3295091986656189,0.16923734545707703,0.4006587564945221,0.012649999000132084,0.035159990191459656,Spine,SP17,S82170_T1W_TSE_GADO_PRE_20260221100326_701_i00021,1.213
14.339634331046035,0.6976651325335195,0.03681599721312523,0.19187495202116725,0.509645938873291,0.6837343573570251,0.0016524982638657093,0.8149121999740601,3.0025341510772705,3.384906768798828,35.821533203125,0.13635486364364624,3.9776899864698954,4.63127074977893,0.10289027541875839,0.2640382945537567,0.04048293083906174,0.20244324207305908,0.09062317758798599,0.20681284368038177,0.11463804543018341,0.0,Spine,SP17,S82170_T1W_TSE_POST_20260221100326_801,0.855
16.989557822158634,0.4818054853348457,0.020000655204057693,0.14142367271449888,0.7923999428749084,0.7891460061073303,0.0012997715966776013,0.8850759267807007,2.959451675415039,3.323531150817871,39.364234924316406,0.11492175608873367,4.075612770055651,4.589767577753057,0.1450202763080597,0.27496156096458435,0.08694829046726227,0.23894190788269043,0.10983045399188995,0.1948726624250412,0.0,0.0,Spine,SP17,S82170_SC_MobiView_eT2W_TSE_20260221100326_305,2.476
13.455581398682439,0.5368673421079417,0.04512755572795868,0.2124324733367257,0.5122126936912537,0.7036877274513245,0.0010285484604537487,0.6355725526809692,3.614905834197998,4.202235221862793,21.064115524291992,0.2220698595046997,6.245649211748034,7.268923423856408,0.08735368400812149,0.18393979966640472,0.05001086741685867,0.21358205378055573,0.1545886993408203,0.3280785083770752,0.017407981678843498,0.05860000476241112,Spine,SP17,S82170_T1W_TSE_GADO_PRE_20260221100326_701_i00001,2.572
18.105265462154506,0.49376122826227964,0.015469399280846119,0.12437603981815035,0.8285235166549683,0.7789304256439209,0.0008537931717000902,1.0737268924713135,1.9769718647003174,2.7297616004943848,53.62272262573242,0.09387122094631195,4.068706531421129,4.524684388763525,0.14919422566890717,0.2607950270175934,0.05375446379184723,0.13673020899295807,0.08096295595169067,0.14257870614528656,0.0,0.0,Spine,SP17,S82170_MobiView_eT1W_TSE_20260221100326_405,3.8
16.17484173515637,0.7668951850313298,0.024127697572112083,0.1553309292192385,0.8508936762809753,0.8203878998756409,0.0007169573218561709,0.7551767230033875,2.656644105911255,4.840719699859619,31.34790802001953,0.16730688512325287,7.333060561834534,7.7356790676929,0.19671006500720978,0.2504104673862457,0.10585472732782364,0.24810220301151276,0.22099152207374573,0.3541969060897827,0.09073880314826965,0.1000153049826622,Spine,SP18,S82212_eT1W_TSE_CLEAR_20260225155723_802_i00001,1.314
18.982746947185117,0.8466952504158551,0.012639367021620274,0.11242493950018508,0.9237844944000244,0.8865618109703064,0.00048459917888976634,0.6442704200744629,3.160712242126465,5.154019832611084,26.769264221191406,0.1404857635498047,7.519094162283626,7.778112381734899,0.2155933678150177,0.274760365486145,0.16538208723068237,0.2867032587528229,0.2817011773586273,0.3779759407043457,0.08839227259159088,0.08789997547864914,Spine,SP18,S82212_eT1W_TSE_CLEAR_20260225155723_802_i00008,2.292
12.841105216607772,0.6812800743471552,0.051986366510391235,0.22800518965670769,0.7222530841827393,0.7621205449104309,0.0007778109284117818,0.7133846879005432,2.629563331604004,4.884701728820801,29.95120620727539,0.21192562580108643,7.174340040041873,7.7689270220769755,0.1720973253250122,0.26595404744148254,0.09363088756799698,0.2374291568994522,0.19848378002643585,0.35545605421066284,0.030445845797657967,0.046880003064870834,Spine,SP18,S82212_eT1W_TSE_CLEAR_20260225155723_802_i00012,2.533
13.474056480788247,0.7053507388217533,0.04493599385023117,0.2119811167303144,0.7598195672035217,0.7782069444656372,0.0009243565727956593,0.71595698595047,2.981794834136963,5.013488292694092,28.401472091674805,0.2020445168018341,7.187249685413811,7.745418327524511,0.17935582995414734,0.27131545543670654,0.12852022051811218,0.29003068804740906,0.21267014741897583,0.3653847873210907,0.04581001400947571,0.07031995803117752,Spine,SP18,S82212_eT1W_TSE_CLEAR_20260225155723_802_i00016,2.487
13.64045364148274,0.7033294298663433,0.043246861547231674,0.20795879771539283,0.7444735765457153,0.7674970626831055,0.0008840331574901938,0.7419937252998352,2.880342721939087,4.987604141235352,29.07332992553711,0.20352131128311157,7.039434232533816,7.648363130181858,0.1650744527578354,0.26190122961997986,0.12093862891197205,0.28798168897628784,0.2078721970319748,0.3674972653388977,0.06846975535154343,0.10547996312379837,Spine,SP18,S82212_eT1W_TSE_CLEAR_20260225155723_802_i00020,2.414
16.91724882698416,0.5665541749388158,0.020336449146270752,0.14260592254976914,0.7141693234443665,0.8443933725357056,0.0006114644347690046,0.868448793888092,1.9863739013671875,2.7899227142333984,50.25056838989258,0.09012684226036072,4.238726611493141,4.655751778283043,0.14790120720863342,0.24827028810977936,0.05864952877163887,0.12473832070827484,0.1041383370757103,0.15485788881778717,0.1506265252828598,0.0,Spine,SP18,S82212_eSTIR_TSE_20260225155723_602,2.982
13.28065147781587,0.6717998849326949,0.04698236286640167,0.21675415305456472,0.6969937682151794,0.7509651780128479,0.0010594605701044202,0.8152350187301636,2.8677918910980225,4.883527755737305,29.57606315612793,0.21241320669651031,6.85294218118708,7.597360930596838,0.1475098580121994,0.24681025743484497,0.10544784367084503,0.2898091673851013,0.1949131190776825,0.3649146854877472,0.09543943405151367,0.1230599656701088,Spine,SP18,S82212_eT1W_TSE_CLEAR_20260225155723_802_i00023,2.33
14.292555775256105,0.7275376576645267,0.037217263132333755,0.19291776261488663,0.7806901931762695,0.8064896464347839,0.0011016929056495428,0.7860443592071533,3.3892087936401367,5.39906120300293,26.877803802490234,0.19938689470291138,7.240615355281863,7.688436827795974,0.18734577298164368,0.25884297490119934,0.14965316653251648,0.3659323453903198,0.24549400806427002,0.4104723334312439,0.08243491500616074,0.10547998547554016,Spine,SP18,S82212_eT1W_TSE_CLEAR_20260225155723_902_i00001,2.316
16.46660812614917,0.8277183396980203,0.022560006007552147,0.15019988684267424,0.8845412135124207,0.8806584477424622,0.000790960097219795,0.6935086250305176,3.9253175258636475,5.782327651977539,23.49671173095703,0.16615766286849976,7.375681582799491,7.714121144135866,0.20670153200626373,0.2780322730541229,0.25094327330589294,0.45292672514915466,0.3136519193649292,0.439191073179245,0.07928230613470078,0.09961997717618942,Spine,SP18,S82212_eT1W_TSE_CLEAR_20260225155723_902_i00008,2.369
13.41648232859319,0.7110074796331279,0.04553567245602608,0.213390891220844,0.741620659828186,0.8021920323371887,0.0012436250690370798,0.7352259159088135,3.8827168941497803,5.424500942230225,23.8443546295166,0.20951758325099945,7.138492032914177,7.671385882890291,0.1724226325750351,0.2565300762653351,0.18245869874954224,0.41486647725105286,0.24792706966400146,0.41415736079216003,0.02728673256933689,0.046879980713129044,Spine,SP18,S82212_eT1W_TSE_CLEAR_20260225155723_902_i00012,2.383
12.541847099544757,0.6759328891007941,0.055694881826639175,0.23599763097675192,0.7112106680870056,0.7760105729103088,0.0011944393627345562,0.77549147605896,3.710454225540161,5.363325595855713,24.987245559692383,0.22234882414340973,7.106475958412536,7.748783130144715,0.1675754189491272,0.27009159326553345,0.16532403230667114,0.3816237151622772,0.2287360280752182,0.4010274410247803,0.04147077351808548,0.0820399820804596,Spine,SP18,S82212_eT1W_TSE_CLEAR_20260225155723_902_i00016,2.411
13.430156773662421,0.6990063921609176,0.04539252445101738,0.2130552145595535,0.7326939702033997,0.7741850018501282,0.0011353291338309646,0.777268648147583,3.3990089893341064,5.236428260803223,26.40126609802246,0.21165451407432556,7.065728239048056,7.686420030017317,0.16098789870738983,0.25833946466445923,0.15061646699905396,0.3526099920272827,0.2244507074356079,0.3937675356864929,0.07048715651035309,0.10547998547554016,Spine,SP18,S82212_eT1W_TSE_CLEAR_20260225155723_902_i00020,2.38
12.951114116615338,0.6636372033791021,0.0506860688328743,0.2251356676159384,0.6872264742851257,0.7630056142807007,0.0013782072346657515,0.8097208738327026,3.621032476425171,5.380618095397949,25.206396102905273,0.22794455289840698,6.972679051449724,7.664749615038566,0.1516401469707489,0.24765510857105255,0.1491987109184265,0.3944174647331238,0.22634479403495789,0.41376084089279175,0.08400890231132507,0.1230599656701088,Spine,SP18,S82212_eT1W_TSE_CLEAR_20260225155723_902_i00023,2.381
14.522961419506405,0.7156508889921168,0.035294245928525925,0.1878676287403605,0.8118775486946106,0.8556332588195801,0.0011113524669781327,0.6174388527870178,3.820970296859741,5.636533260345459,23.218921661376953,0.1918860673904419,7.09393619614457,7.701515356204187,0.21442654728889465,0.30366986989974976,0.17855173349380493,0.40493783354759216,0.27122005820274353,0.41181647777557373,0.01439397782087326,0.02918463759124279,Spine,SP18,S82212_eT2W_TSE_DRIVE_HR_20260225155723_702_i00001,2.017
13.714303194542483,0.6953657780699501,0.04251769185066223,0.20619818585686497,0.7810163497924805,0.8410078883171082,0.0010455779265612364,0.6274849772453308,3.611137628555298,5.678892135620117,23.045677185058594,0.20621848106384277,7.101643296580196,7.746366362003081,0.19922468066215515,0.3058326840400696,0.15346984565258026,0.3788672983646393,0.2616242468357086,0.41497209668159485,0.014052888378500938,0.02918463759124279,Spine,SP18,S82212_eT2W_TSE_DRIVE_HR_20260225155723_702_i00008,2.599
15.548741879379035,0.7193833791314627,0.02786928415298462,0.16694096008165468,0.808673083782196,0.8553896546363831,0.0006814335356466472,0.5898644924163818,3.419900417327881,4.93251371383667,25.176544189453125,0.1698804795742035,7.048330333240515,7.607590164082073,0.18568319082260132,0.27122026681900024,0.1553521305322647,0.3119202256202698,0.24126312136650085,0.3576357662677765,0.01294829323887825,0.029184643179178238,Spine,SP18,S82212_eT2W_TSE_DRIVE_HR_20260225155723_702_i00020,3.015
13.690340769324791,0.6820067241094606,0.042752932757139206,0.20676782331189542,0.7783387899398804,0.8268417716026306,0.0009300262317992747,0.5968481302261353,3.447270393371582,5.5501203536987305,23.788415908813477,0.20707854628562927,7.167161887627199,7.746939064668488,0.20063911378383636,0.2966327369213104,0.14961205422878265,0.3479689955711365,0.2549956440925598,0.40669476985931396,0.016733404248952866,0.029184643179178238,Spine,SP18,S82212_eT2W_TSE_DRIVE_HR_20260225155723_702_i00012,3.206
14.914609192085337,0.7243506164779024,0.032250694930553436,0.17958478479691267,0.8271127939224243,0.8555405735969543,0.0007464851951226592,0.5577340722084045,3.505039691925049,5.339067459106445,24.257858276367188,0.17986737191677094,7.199348427542841,7.68154662925137,0.21525628864765167,0.2951183319091797,0.17695756256580353,0.3396802246570587,0.2654927670955658,0.3863435685634613,0.01830345392227173,0.035021569579839706,Spine,SP18,S82212_eT2W_TSE_DRIVE_HR_20260225155723_702_i00016,3.223
19.335260072712625,0.6073863768252031,0.011653972789645195,0.10795356774857047,0.8772411346435547,0.8846258521080017,0.0006898405845277011,0.7500413060188293,2.4971563816070557,3.2604455947875977,43.818359375,0.0768388956785202,4.166295912324992,4.489198031570104,0.20349948108196259,0.2818698287010193,0.09420566260814667,0.19262734055519104,0.13217517733573914,0.18511030077934265,0.20717228949069977,0.0,Spine,SP18,S82212_T1W_TSE_sag_20260225155723_501,1.591
15.223585422552253,0.7293920802370993,0.0300359558314085,0.1733088452197651,0.8031670451164246,0.8545436263084412,0.0007852459675632417,0.6232349872589111,3.486967086791992,5.320644378662109,25.064729690551758,0.17924290895462036,7.074919706381759,7.607783046582578,0.18791647255420685,0.2753957211971283,0.17756570875644684,0.362736314535141,0.26314276456832886,0.39436593651771545,0.014679008163511753,0.01167385559529066,Spine,SP18,S82212_eT2W_TSE_DRIVE_HR_20260225155723_702_i00023,2.721
15.826837872802495,0.655716643582979,0.026140641421079636,0.16168067732750144,0.6433093547821045,0.7933712601661682,0.0005591482040472329,1.2250572443008423,1.2916709184646606,2.583402156829834,63.47857666015625,0.08509029448032379,3.9521304962597306,4.449547602840191,0.1502130925655365,0.26794394850730896,0.026988185942173004,0.08266075700521469,0.0699664056301117,0.12437447160482407,0.142477884888649,0.0,Spine,SP18,S82212_eT2W_TSE_CLEAR_20260225155723_402,4.72
13.82927660009165,0.7482644805291391,0.041406866163015366,0.2034867714693399,0.771427571773529,0.8183783292770386,0.0011909663444384933,0.8012034296989441,3.6393232345581055,5.436864852905273,25.06366539001465,0.2050786018371582,7.205072522899758,7.663935640530182,0.17051318287849426,0.26530325412750244,0.1450333148241043,0.39304646849632263,0.2410547435283661,0.4110319912433624,0.06657937169075012,0.09961997717618942,Spine,SP19,S82213_eT1W_TSE_CLEAR_20260225151424_702_i00001,2.322
16.578673375738077,0.8249875686460096,0.021985314786434174,0.14827445763324906,0.8869478106498718,0.8745465874671936,0.0007826044457033277,0.6917048692703247,3.8473501205444336,5.665261268615723,24.092296600341797,0.1604914367198944,7.318989047395514,7.57308191223602,0.227634996175766,0.2919248044490814,0.22791802883148193,0.4297441840171814,0.29338857531547546,0.41994819045066833,0.00896721612662077,0.0,Spine,SP19,S82213_eT1W_TSE_CLEAR_20260225151424_702_i00006,2.244
13.413882341345465,0.7389965177600748,0.04556294530630112,0.21345478515671912,0.7783344388008118,0.8224050402641296,0.0011585456086322665,0.7058990001678467,4.1158246994018555,5.920882701873779,22.34817123413086,0.21327266097068787,7.381475292477109,7.697244430800859,0.1994973123073578,0.2894483804702759,0.1966404765844345,0.4530535340309143,0.27427154779434204,0.4473160207271576,0.04683127999305725,0.07617998868227005,Spine,SP19,S82213_eT1W_TSE_CLEAR_20260225151424_702_i00010,2.286
14.155667861085847,0.7180523780329683,0.038409020751714706,0.1959821949864699,0.7560611367225647,0.7919567823410034,0.0012401880230754614,0.778968095779419,4.057389736175537,5.4641900062561035,23.0869083404541,0.2074304223060608,6.946055703286132,7.575159065704732,0.16116774082183838,0.25608325004577637,0.15848425030708313,0.4170767664909363,0.23592059314250946,0.4182884693145752,0.010650715790688992,0.017579998821020126,Spine,SP19,S82213_eT1W_TSE_CLEAR_20260225151424_702_i00014,1.348
14.913664098898884,0.7187866046291019,0.03225771337747574,0.17960432449547462,0.7707633376121521,0.7848705053329468,0.0013084413949400187,0.8399391174316406,3.780165672302246,4.6772661209106445,25.62158203125,0.18424952030181885,6.5597257741950985,7.31584752612965,0.1603025496006012,0.22552835941314697,0.13916096091270447,0.3546299338340759,0.1993250548839569,0.3537074625492096,0.0025896590668708086,0.0,Spine,SP19,S82213_eT1W_TSE_CLEAR_20260225151424_702_i00026,1.345
14.16094658921622,0.7260712315233558,0.03836236149072647,0.19586311927140973,0.8176618218421936,0.863556981086731,0.0009692597668617964,0.5940634608268738,4.285409450531006,5.807003974914551,20.858898162841797,0.1991947889328003,7.265763295127319,7.718086312611005,0.21248595416545868,0.3021512031555176,0.22071833908557892,0.4565514326095581,0.28895488381385803,0.4296075403690338,0.017407981678843498,0.035021569579839706,Spine,SP19,S82213_eT2W_TSE_DRIVE_HR_20260225151424_602_i00010,2.464
16.594619001779456,0.7717297946121047,0.02190473861992359,0.1480024953165439,0.8622151017189026,0.8860132694244385,0.0007159679662436247,0.5984306931495667,4.04536247253418,5.15476655960083,23.58939552307129,0.15699605643749237,7.105523431363351,7.540217382431829,0.20520146191120148,0.26671427488327026,0.24236942827701569,0.4210609197616577,0.2785486876964569,0.38211530447006226,0.003985429182648659,0.0,Spine,SP19,S82213_eT2W_TSE_DRIVE_HR_20260225151424_602_i00026,1.917
15.130766219577756,0.7607413807416441,0.030684806406497955,0.1751707921044429,0.8378315567970276,0.8791226744651794,0.0008339378982782364,0.5788458585739136,4.546646595001221,5.86090087890625,20.004655838012695,0.18621696531772614,7.318116780570784,7.727280885115805,0.2054082155227661,0.2905425429344177,0.2572643756866455,0.490350604057312,0.30931881070137024,0.4408152103424072,0.012564233504235744,0.01167385745793581,Spine,SP19,S82213_eT2W_TSE_DRIVE_HR_20260225151424_602_i00014,2.09
14.432525035308537,0.7228870381944574,0.036036908626556396,0.18983389746448445,0.8280144929885864,0.8597666025161743,0.0009264122927561402,0.5810601115226746,3.9354848861694336,5.708281517028809,22.02526092529297,0.19075006246566772,7.207446330080706,7.641973825615586,0.22805923223495483,0.31645092368125916,0.2048974186182022,0.41703593730926514,0.27981990575790405,0.41258344054222107,0.00920857023447752,0.01167385559529066,Spine,SP19,S82213_eT2W_TSE_DRIVE_HR_20260225151424_602_i00006,2.958
13.610240114907947,0.7245581720904468,0.04354877769947052,0.20868343896790306,0.8059333562850952,0.8512401580810547,0.0009730968740768731,0.6191306114196777,3.8061320781707764,5.675470352172852,22.497400283813477,0.20555394887924194,7.321213402920212,7.760288436883816,0.20927691459655762,0.3058297336101532,0.174747496843338,0.3985830843448639,0.26986777782440186,0.4146274924278259,0.02334771119058132,0.040858492255210876,Spine,SP19,S82213_eT2W_TSE_DRIVE_HR_20260225151424_602_i00001,3.114
20.708691451602725,0.8656484904196936,0.008494364097714424,0.09216487453316705,0.9276096820831299,0.8958646655082703,0.0005906851729378104,0.6959198117256165,2.627331495285034,3.485302686691284,40.93331527709961,0.0735345333814621,4.80555580520727,5.1367446293756815,0.22307603061199188,0.2947777807712555,0.11884113401174545,0.2046288400888443,0.15495312213897705,0.20277908444404602,0.2323988527059555,0.0,Spine,SP19,S82213_T1W_TSE_sag_20260225151424_501,0.968
17.249095100431436,0.6151525009591335,0.01884041354060173,0.13726038591160136,0.7910559773445129,0.8626368641853333,0.0003964758652728051,1.0396910905838013,1.40055251121521,2.835310459136963,58.8135871887207,0.0805048942565918,4.696683580486334,5.14434188472611,0.18805553019046783,0.2782604396343231,0.04593939706683159,0.09332475811243057,0.09841357171535492,0.14440099895000458,0.18394964933395386,0.0,Spine,SP19,S82213_eT2W_TSE_CLEAR_20260225151424_402,4.405
17.386739667013572,0.5454743488420568,0.018252654001116753,0.13510238340279845,0.7985538244247437,0.7915876507759094,0.0004258895351085812,0.9794242978096008,1.621922492980957,2.802799701690674,55.299156188964844,0.10187341272830963,4.986544330458592,5.54094394654467,0.1452399492263794,0.26186472177505493,0.04578932747244835,0.09259781241416931,0.08945237845182419,0.14934833347797394,0.0,0.0,Spine,SP19,S82213_MobiView_SURVEY_SAG_20260225151424_202,1.705
