PSNR,SSIM,MSE,RMSE,UQI,FSIM,GMSD,VIF,BRISQUE,NIQE,PIQE,LPIPS,Entropy_Before,Entropy_After,Contrast_Before,Contrast_After,Sharpness_Before,Sharpness_After,EdgeStrength_Before,EdgeStrength_After,NoiseLevel_Before,NoiseLevel_After,Model,Filename
22.073705037593044,0.8014252656060458,0.006203395780175924,0.07876163901402715,0.9477887749671936,0.9313175082206726,0.0001542416139272973,0.7966572046279907,3.5148017406463623,4.450180530548096,26.953022003173828,0.09466101229190826,7.205795132908367,7.305566161758095,0.20966285467147827,0.20988817512989044,0.24546745419502258,0.304653525352478,0.27755290269851685,0.34007298946380615,0.004874005448073149,0.0034462609328329563,DnCNN,Spine_SP19_S82213_eT2W_TSE_DRIVE_HR_20260225151424_602_i00026_preprocessed.npz
21.985894522020626,0.9129330932941436,0.006330099888145924,0.07956192486450993,0.875865638256073,0.8828225135803223,0.00018448266200721264,0.8333667516708374,2.7570605278015137,2.87896990776062,34.360198974609375,0.07198014110326767,4.046541747509302,5.465440369182287,0.1154857873916626,0.1653502732515335,0.09332646429538727,0.15883220732212067,0.13953757286071777,0.20522147417068481,0.0,0.00017407517589163035,DnCNN,Spine_SP15_S82041_MobiView_eT1W_TSE_20260306093302_405_preprocessed.npz
21.90965535298439,0.8126550748739243,0.006442204117774963,0.0802633423037875,0.9579408168792725,0.9506216049194336,0.00015279588114935905,0.6983922719955444,4.304063320159912,5.179091453552246,19.496501922607422,0.09719812870025635,7.368950582510617,7.418832094682898,0.23242522776126862,0.23613488674163818,0.3085733652114868,0.38371357321739197,0.3413982093334198,0.39984044432640076,0.004454547539353371,0.004596588667482138,DnCNN,Spine_SP3_S82021_eT2W_TSE_DRIVE_HR_20260303142846_602_i00024_preprocessed.npz
21.412549573420534,0.4798707323422432,0.0072234561666846275,0.08499091814237936,0.8662227392196655,0.9250258803367615,0.00018923099560197443,0.7504270672798157,3.406963586807251,3.4918391704559326,30.12136459350586,0.07669465243816376,4.46677713711529,4.881462663908827,0.16503453254699707,0.20213191211223602,0.1816374957561493,0.24848006665706635,0.19269368052482605,0.24811813235282898,0.164256751537323,7.459693733835593e-05,DnCNN,Spine_SP8_S82032_eT2W_TSE_20260304134706_304_preprocessed.npz
20.685123722210953,0.29567544984263927,0.008540584705770016,0.09241528394032025,0.9135904312133789,0.9540456533432007,8.548281766707078e-05,0.8386094570159912,2.003518581390381,2.8044283390045166,50.241783142089844,0.06531758606433868,2.8255823485468192,3.1567847508036952,0.1561039835214615,0.28340980410575867,0.09872619807720184,0.12533774971961975,0.1155427098274231,0.13873811066150665,0.2870078980922699,5.125380994286388e-05,DnCNN,Brain_BraTS20_Training_025_T1_preprocessed.npz
23.739997883179722,0.343808352619648,0.0042266882956027985,0.06501298559213227,0.9549036622047424,0.9390913844108582,0.00012386986054480076,0.8680813908576965,1.929458737373352,2.978039264678955,49.834041595458984,0.05517709255218506,3.1296307785884,3.5806612565404374,0.160564586520195,0.28737443685531616,0.08826866745948792,0.1278473436832428,0.12011212110519409,0.15411712229251862,0.27256399393081665,5.424729533842765e-05,DnCNN,Brain_BraTS20_Training_007_T1_preprocessed.npz
20.770425170382815,0.8400477664985657,0.00837447214871645,0.09151214208353146,0.9237732291221619,0.8690057992935181,0.0002628386137075722,0.9772840738296509,2.551246404647827,4.150219917297363,35.67137145996094,0.11063037067651749,7.021050844612137,7.433508580276342,0.17878426611423492,0.2130548059940338,0.12250911444425583,0.2193620204925537,0.20552586019039154,0.30849313735961914,0.010475555434823036,0.008965262211859226,DnCNN,Spine_SP2_S82020_eT1W_TSE_CLEAR_20260303133117_702_i00015_preprocessed.npz
24.086407651371147,0.3897399829658866,0.0039026467129588127,0.06247116705295982,0.9239534735679626,0.9263803362846375,0.0001404931681463495,0.8654004335403442,2.3981218338012695,2.75350284576416,44.424617767333984,0.05465545132756233,3.264251094961662,3.7565496274730155,0.16211168467998505,0.2115902453660965,0.10473746806383133,0.15433773398399353,0.12810960412025452,0.16955551505088806,0.1873716115951538,6.267822027439252e-05,DnCNN,Brain_BraTS20_Training_015_T2_preprocessed.npz
22.873825134633627,0.8915506744203567,0.005159617401659489,0.07183047683023891,0.9540110230445862,0.9190921187400818,0.00016444125503767282,0.9178448915481567,2.3682034015655518,4.064646244049072,36.504600524902344,0.08792376518249512,7.517538906567522,7.519432102860724,0.21369539201259613,0.2211753875017166,0.12060319632291794,0.18982407450675964,0.2262301743030548,0.2958747148513794,0.08031560480594635,0.07306664437055588,DnCNN,Spine_SP2_S82020_eT1W_TSE_CLEAR_20260303133117_702_i00004_preprocessed.npz
24.441099844966267,0.3597984715918899,0.0035965824499726295,0.059971513654172755,0.9266114830970764,0.9321718811988831,9.617129398975521e-05,0.796142041683197,2.0418426990509033,2.2474207878112793,48.74460983276367,0.04776468127965927,3.007653999728816,3.323652819199436,0.17720022797584534,0.2006218135356903,0.0676470547914505,0.09549403190612793,0.09892226755619049,0.12443149089813232,0.19266051054000854,6.572969869012013e-05,DnCNN,Brain_BraTS20_Training_006_FLAIR_preprocessed.npz
21.879248572117266,0.8346163725516796,0.006487466860562563,0.08054481274770314,0.9626195430755615,0.9414184093475342,0.00019990198779851198,0.6793911457061768,3.761767625808716,4.869046211242676,20.532106399536133,0.09968170523643494,7.502954804444933,7.5314857396762225,0.24924001097679138,0.2530565857887268,0.2039414644241333,0.29063957929611206,0.29814666509628296,0.3603751063346863,0.026097053661942482,0.021974800154566765,DnCNN,Spine_SP3_S82021_eT2W_TSE_DRIVE_HR_20260303142846_602_i00006_preprocessed.npz
21.081427933929863,0.5947368566396236,0.007795737124979496,0.08829347158753865,0.869847297668457,0.9324747323989868,0.00012230486026965082,0.7553890347480774,3.380872964859009,3.2079052925109863,29.58323860168457,0.07536156475543976,4.884560532435627,5.114021431379444,0.1754213571548462,0.19182167947292328,0.17499102652072906,0.2151326984167099,0.18262720108032227,0.22487962245941162,0.0019723873119801283,9.041216253535822e-05,DnCNN,Spine_SP12_S82031_SC_MobiView_eT2W_TSE_20260305090906_305_preprocessed.npz
23.870401764994675,0.3969530955635309,0.004101661499589682,0.06404421519223795,0.9347739815711975,0.9344447255134583,0.00013853404379915446,0.7850430607795715,2.5243704319000244,2.7241697311401367,41.87080001831055,0.053096018731594086,3.0995108536152904,3.5742529635258866,0.12518168985843658,0.23371374607086182,0.0961030051112175,0.14374685287475586,0.12010997533798218,0.1555604636669159,0.2022678256034851,6.471621600212529e-05,DnCNN,Brain_BraTS20_Training_030_FLAIR_preprocessed.npz
24.069141802953546,0.40445802362024785,0.003918192815035582,0.06259546960472125,0.909726083278656,0.9013598561286926,0.00012678076745942235,0.8862424492835999,1.8964124917984009,2.2697837352752686,51.979949951171875,0.048394620418548584,2.954813162382532,3.341948251755796,0.1624474972486496,0.19851131737232208,0.0662740170955658,0.1007276177406311,0.0919232964515686,0.1277230978012085,0.17167018353939056,6.567170203197747e-05,DnCNN,Brain_BraTS20_Training_006_T2_preprocessed.npz
24.442431759144483,0.35194208798378707,0.003595479764044285,0.059962319535223824,0.8994221687316895,0.9130337834358215,9.478060383116826e-05,0.8652530908584595,1.6706591844558716,2.0877232551574707,55.059486389160156,0.04604826122522354,2.786901480710463,3.5997063237760427,0.13919557631015778,0.1845840960741043,0.05238775908946991,0.07881876826286316,0.08595870435237885,0.11648061126470566,0.16023556888103485,4.061367508256808e-05,DnCNN,Brain_BraTS20_Training_009_T2_preprocessed.npz
24.902541666290933,0.35597796541970966,0.003234043251723051,0.05686864911111439,0.8909576535224915,0.9095672965049744,4.672856812248938e-05,0.8498512506484985,1.4805221557617188,1.6587202548980713,60.3364143371582,0.03935428708791733,2.4834757234292115,2.92531253575013,0.07014726847410202,0.1706450879573822,0.03705178201198578,0.050016310065984726,0.06067988649010658,0.08054976165294647,0.1397727131843567,4.598759187501855e-05,DnCNN,Brain_BraTS20_Training_025_T1CE_preprocessed.npz
21.270476785429267,0.8452055669064522,0.007463668007403612,0.08639252286745429,0.9247846603393555,0.8619561791419983,0.00019438886374700814,1.0035980939865112,1.8003394603729248,3.6184425354003906,42.47022247314453,0.10017379373311996,7.1926241447609724,7.539094822241439,0.17475426197052002,0.20785459876060486,0.0698453038930893,0.13166695833206177,0.1709578037261963,0.25791507959365845,0.02973189391195774,0.037337251007556915,DnCNN,Spine_SP18_S82212_eT1W_TSE_CLEAR_20260225155723_802_i00012_preprocessed.npz
21.070264812266174,0.4789564117968678,0.007815800607204437,0.08840701673059914,0.8945536613464355,0.9220798015594482,0.00019337603589519858,0.6605107188224792,3.6080844402313232,3.325752019882202,24.82921600341797,0.07435708492994308,4.305005852678992,4.614611895753146,0.1891867220401764,0.2254209965467453,0.145419180393219,0.20424652099609375,0.17045846581459045,0.2198648750782013,0.19838286936283112,6.335478974506259e-05,DnCNN,Spine_SP12_S82031_STIR_TSE_20260305090906_601_preprocessed.npz
20.5277017907898,0.37282905242711306,0.008855841122567654,0.09410547870643693,0.8008303642272949,0.8784714937210083,0.0002259909815620631,0.8314566016197205,2.07498836517334,2.432215452194214,47.72177505493164,0.06799902021884918,3.008589422723048,4.043113744983639,0.12551411986351013,0.20231202244758606,0.05444960668683052,0.109490305185318,0.09337180107831955,0.1420658826828003,0.1461360901594162,5.479684114106931e-05,DnCNN,Brain_BraTS20_Training_011_FLAIR_preprocessed.npz
22.466716572509746,0.8600052881379128,0.005666675511747599,0.0752773240209002,0.93748539686203,0.8801465034484863,0.00018401685520075262,1.0294156074523926,2.32668137550354,3.7839555740356445,38.760536193847656,0.09496758133172989,7.080898513622063,7.384962908919069,0.1643831878900528,0.19411590695381165,0.11292007565498352,0.18458329141139984,0.19424602389335632,0.2813359498977661,0.06958658993244171,0.08109037578105927,DnCNN,Spine_SP18_S82212_eT1W_TSE_CLEAR_20260225155723_902_i00020_preprocessed.npz
24.874753624728086,0.37920303755158186,0.00325480243191123,0.05705087582072014,0.9290059804916382,0.9172087907791138,0.00011103883298346773,0.8957967758178711,1.9442793130874634,2.3981103897094727,51.874942779541016,0.04771389439702034,3.058359780938185,3.9299521972428693,0.16070571541786194,0.20069195330142975,0.07699009031057358,0.1109376847743988,0.1046823114156723,0.13946540653705597,0.1819741427898407,7.028067921055481e-05,DnCNN,Brain_BraTS20_Training_016_T2_preprocessed.npz
21.10110498765647,0.8529718098583817,0.007760496810078621,0.08809368200999786,0.9441142082214355,0.9277615547180176,0.0001877213071566075,0.8437358736991882,3.2741076946258545,4.426503658294678,27.089366912841797,0.10139530897140503,7.422420285778271,7.477409670942358,0.19743786752223969,0.2125559002161026,0.15873458981513977,0.24573686718940735,0.2608599066734314,0.33637022972106934,0.02864888310432434,0.019911425188183784,DnCNN,Spine_SP3_S82021_eT1W_TSE_CLEAR_20260303142846_702_i00001_preprocessed.npz
25.40785601750924,0.3522305144298077,0.0028788193594664335,0.05365463036371077,0.956534743309021,0.9391332268714905,6.134559953352436e-05,0.8636582493782043,1.8785834312438965,2.4059066772460938,52.221378326416016,0.04446234181523323,2.96324587784882,3.2903544274500134,0.12523390352725983,0.24262931942939758,0.07378479093313217,0.09473475813865662,0.09581483155488968,0.11927632987499237,0.23058104515075684,5.9499707276700065e-05,DnCNN,Brain_BraTS20_Training_006_T1CE_preprocessed.npz
18.066527013652568,0.4159768676603809,0.015608001500368118,0.12493198749867113,0.8331100940704346,0.9239287376403809,0.00018032056686934084,0.7738150358200073,3.5230743885040283,3.4994001388549805,29.759248733520508,0.09794459491968155,4.613103582306478,4.8526430194558205,0.207545205950737,0.22705590724945068,0.20353394746780396,0.2583916485309601,0.1868344247341156,0.23641179502010345,0.21030499041080475,8.175203402061015e-05,DnCNN,Spine_SP12_S82031_eT2W_TSE_20260305090906_304a_preprocessed.npz
21.306860184663933,0.8180208631906509,0.0074014016427099705,0.08603139916745496,0.8441571593284607,0.8659024834632874,0.0001110117809730582,0.8742386102676392,1.8375595808029175,2.79854679107666,42.27753829956055,0.09394272416830063,6.383236305094295,6.942949532919918,0.09639286249876022,0.13938568532466888,0.04722747951745987,0.0903935506939888,0.14247317612171173,0.210161030292511,0.02090478502213955,0.01829155720770359,DnCNN,Spine_SP17_S82170_T1W_TSE_GADO_POST_20260221100326_901_i00001_preprocessed.npz
21.92182029156698,0.852626521045208,0.0064241839572787285,0.08015100721312696,0.9397934675216675,0.8807456493377686,0.0001826671214075759,0.9952372312545776,1.8892762660980225,3.8003358840942383,41.84933090209961,0.0956742912530899,7.336685565339231,7.508430356704121,0.19700412452220917,0.21680672466754913,0.07670553028583527,0.14169415831565857,0.18824967741966248,0.27162861824035645,0.08950094878673553,0.08067939430475235,DnCNN,Spine_SP18_S82212_eT1W_TSE_CLEAR_20260225155723_802_i00001_preprocessed.npz
24.956711296752452,0.34657827666950225,0.0031939554028213024,0.0565150900452375,0.9692351222038269,0.9546679258346558,9.734849300002679e-05,0.8390073776245117,2.0569345951080322,3.022324562072754,47.75962829589844,0.05003027245402336,3.142912576768612,3.5128757843024676,0.16894657909870148,0.28591006994247437,0.11132305860519409,0.13998550176620483,0.1335168033838272,0.1592777967453003,0.29323646426200867,5.257934026303701e-05,DnCNN,Brain_BraTS20_Training_013_T1_preprocessed.npz
21.96235054315862,0.8558047710843086,0.006364509463310242,0.0797778757758706,0.925728440284729,0.881011962890625,0.00020472797041293234,1.0455492734909058,2.3970038890838623,3.841771364212036,38.14440155029297,0.09853027760982513,7.0171737165667105,7.3255282254269485,0.15703612565994263,0.18647216260433197,0.11552123725414276,0.1955234408378601,0.19937372207641602,0.2909396290779114,0.0887722373008728,0.09107716381549835,DnCNN,Spine_SP18_S82212_eT1W_TSE_CLEAR_20260225155723_902_i00023_preprocessed.npz
21.114364230079797,0.7302395850272179,0.0077368393540382385,0.08795930510206545,0.8443902134895325,0.9106480479240417,0.0002055381628451869,0.7116044163703918,3.3226237297058105,3.2143688201904297,28.770872116088867,0.07449790835380554,4.355557776086409,4.771636188480708,0.14035478234291077,0.19567181169986725,0.12635497748851776,0.19418376684188843,0.16411828994750977,0.22360119223594666,0.14629408717155457,7.001557241892442e-05,DnCNN,Spine_SP8_S82032_eSTIR_TSE_20260304134706_504a_preprocessed.npz
22.0799302136749,0.41765948286634685,0.006194510497152805,0.0787052126428282,0.7989292740821838,0.9150527119636536,0.00019200463430024683,0.733299195766449,3.540679931640625,3.035273551940918,30.260486602783203,0.06895675510168076,3.868442106892086,4.3903516166613406,0.1550692468881607,0.170082226395607,0.1599530130624771,0.22598788142204285,0.16653279960155487,0.218486487865448,0.13166527450084686,6.392918294295669e-05,DnCNN,Spine_SP8_S82032_eT2W_TSE_20260304134706_303a_preprocessed.npz
21.106695414918526,0.8141273180519343,0.007750513032078743,0.0880369980864792,0.9557139277458191,0.9363370537757874,0.00016304681776091456,0.7079697847366333,3.620393991470337,4.4439496994018555,25.379743576049805,0.09311898052692413,7.155306342650387,7.146355534950659,0.2427266538143158,0.25487881898880005,0.2146998941898346,0.2909756600856781,0.26442891359329224,0.31695449352264404,0.011475601233541965,0.009700783528387547,DnCNN,Spine_SP17_S82170_eT2W_TSE_DRIVE_HR_20260221100326_602_i00014_preprocessed.npz
22.94053086591078,0.4373561792025566,0.0050809732638299465,0.07128094600824225,0.8972015976905823,0.9105738401412964,0.0001107996649807319,0.9064520001411438,1.7275018692016602,2.372927188873291,52.32548522949219,0.05387076362967491,3.1491849862190753,3.507256051340813,0.10601276159286499,0.2091207206249237,0.05031793564558029,0.0862579196691513,0.09388203918933868,0.13273270428180695,0.16314426064491272,5.977033652015962e-05,DnCNN,Brain_BraTS20_Training_028_T1CE_preprocessed.npz
23.71088663342604,0.3838752595505118,0.004255115520209074,0.06523124650203363,0.917148232460022,0.9187483787536621,0.00015014264499768615,0.8802079558372498,2.083195209503174,2.714082717895508,48.07823181152344,0.05493122339248657,3.169202959602231,3.7028862545093717,0.1786334216594696,0.2134469449520111,0.09253527224063873,0.14134730398654938,0.12234227359294891,0.1646851748228073,0.18880487978458405,6.899381696712226e-05,DnCNN,Brain_BraTS20_Training_020_T2_preprocessed.npz
21.369049857270085,0.8519396058716774,0.00729617103934288,0.0854176272167688,0.954922616481781,0.9256675839424133,0.00019068257824983448,0.7084916830062866,3.330256700515747,4.749837398529053,26.500518798828125,0.10171692073345184,7.191893969772681,7.344706328996874,0.24773207306861877,0.2503112256526947,0.20539797842502594,0.28649139404296875,0.28349021077156067,0.3498270511627197,0.012443093582987785,0.013592510484158993,DnCNN,Spine_SP7_S82030_eT2W_TSE_DRIVE_HR_20260305081552_602_i00002_preprocessed.npz
24.853042305002404,0.9053941662626267,0.003271114779636264,0.057193660309830356,0.943386971950531,0.9020159244537354,0.0002019499515881762,0.8118892312049866,3.3933472633361816,3.082632541656494,29.772560119628906,0.0642070323228836,4.08383468337463,5.067976891975597,0.15000027418136597,0.18673820793628693,0.13553407788276672,0.20080861449241638,0.15547913312911987,0.2148941457271576,0.0466458834707737,7.36828733352013e-05,DnCNN,Spine_SP17_S82170_MobiView_eT1W_TSE_20260221100326_405_preprocessed.npz
19.89097778206292,0.44656648561555146,0.0102542107924819,0.10126307714306286,0.8063172101974487,0.8985565304756165,0.00020950105681549758,0.7915884256362915,3.042875289916992,3.151456356048584,32.366634368896484,0.08475896716117859,4.289797489594147,4.605221181362647,0.13288338482379913,0.19722279906272888,0.11319795250892639,0.18630823493003845,0.1521209329366684,0.2165343165397644,0.1448391228914261,7.592108886456117e-05,DnCNN,Spine_SP8_S82032_eT1W_TSE_20260304134706_404_preprocessed.npz
24.993268949665477,0.31872597069834174,0.0031671826727688313,0.05627772803488811,0.966363787651062,0.9657373428344727,7.01327808201313e-05,0.8361660838127136,2.1252381801605225,2.8623902797698975,48.149314880371094,0.04533296823501587,2.8822071420730366,3.173943416715035,0.17251770198345184,0.2766728401184082,0.11843620240688324,0.139703169465065,0.12971609830856323,0.14790299534797668,0.29508042335510254,4.3979965994367376e-05,DnCNN,Brain_BraTS20_Training_021_T1_preprocessed.npz
23.319659696054593,0.3585104215223193,0.0046562254428863525,0.0682365403789374,0.922310471534729,0.8990100026130676,0.00014443079999182373,0.91379314661026,1.614843487739563,2.4549593925476074,55.565433502197266,0.053431861102581024,3.117946886549255,3.4849856862395874,0.17229430377483368,0.22773095965385437,0.0525331124663353,0.09064078330993652,0.09243789315223694,0.13163085281848907,0.20327652990818024,4.340004670666531e-05,DnCNN,Brain_BraTS20_Training_001_T2_preprocessed.npz
22.22101183780169,0.8696598194255829,0.005996513180434704,0.07743715632972781,0.958889365196228,0.9278644919395447,0.0001663302246015519,0.7257453203201294,3.3815677165985107,4.527780532836914,25.394454956054688,0.09974275529384613,7.373152035727439,7.413760572792582,0.21795892715454102,0.21586036682128906,0.18103893101215363,0.257223904132843,0.27572181820869446,0.3448454737663269,0.01630847342312336,0.022266555577516556,DnCNN,Spine_SP12_S82031_eT2W_TSE_DRIVE_HR_20260305090906_702_i00013_preprocessed.npz
21.08439933404698,0.7932611290251017,0.007790405303239822,0.08826327267465116,0.9196960926055908,0.9122146964073181,0.00012969854287803173,0.868323802947998,2.83760142326355,3.943117618560791,32.49556350708008,0.09786846488714218,6.994026514367391,7.1960489276407404,0.1660609096288681,0.1829194873571396,0.1510307490825653,0.21235902607440948,0.2308804988861084,0.3028509318828583,0.0046089282259345055,0.003780479310080409,DnCNN,Spine_SP2_S82020_eT2W_TSE_DRIVE_HR_20260303133117_602_i00018_preprocessed.npz
23.370653705983166,0.4582297738517523,0.004601872991770506,0.06783710630451822,0.9032557606697083,0.9188894629478455,0.0001900173956528306,0.8218690156936646,2.2194700241088867,2.4885711669921875,46.559268951416016,0.04978106915950775,2.7236272700413022,3.6918976539317128,0.15303590893745422,0.2147071808576584,0.07375943660736084,0.1247350424528122,0.10319259762763977,0.14150401949882507,0.17518557608127594,4.6276170905912295e-05,DnCNN,Brain_BraTS20_Training_029_FLAIR_preprocessed.npz
22.317509947489892,0.9074010117063522,0.005864743143320084,0.07658161099976994,0.9103925824165344,0.8966969847679138,0.00015062637976370752,0.8150296211242676,2.4666314125061035,2.9867911338806152,37.62736511230469,0.07188630104064941,5.2370063044878155,5.773926424030193,0.14602062106132507,0.182576522231102,0.09051378071308136,0.14005592465400696,0.14830495417118073,0.2073904573917389,0.0,0.00023796569439582527,DnCNN,Spine_SP19_S82213_MobiView_SURVEY_SAG_20260225151424_202_preprocessed.npz
22.0799302136749,0.41765948286634685,0.006194510497152805,0.0787052126428282,0.7989292740821838,0.9150527119636536,0.00019200463430024683,0.733299195766449,3.540679931640625,3.035273551940918,30.260486602783203,0.06895675510168076,3.868442106892086,4.3903516166613406,0.1550692468881607,0.170082226395607,0.1599530130624771,0.22598788142204285,0.16653279960155487,0.218486487865448,0.13166527450084686,6.392918294295669e-05,DnCNN,Spine_SP8_S82032_eT2W_TSE_20260304134706_303_preprocessed.npz
19.284965389354976,0.3574471703079641,0.011789719574153423,0.10858047510557975,0.9380216598510742,0.9575509428977966,9.235397737938911e-05,0.8173514604568481,1.847413420677185,2.470276355743408,50.94393539428711,0.06529581546783447,3.27516967578334,3.719774672487217,0.1958714723587036,0.2827305495738983,0.12197785079479218,0.10163883864879608,0.10466431081295013,0.10566207766532898,0.3607477843761444,6.326090078800917e-05,DnCNN,Brain_BraTS20_Training_026_T1_preprocessed.npz
24.509400576513745,0.8590748984265327,0.0035404618829488754,0.05950178050234191,0.9714215397834778,0.9436249732971191,0.00012486531340982765,0.7616312503814697,3.4622690677642822,4.670905590057373,26.100223541259766,0.08240067958831787,7.364236650590359,7.325816776636313,0.23088200390338898,0.22601379454135895,0.25756385922431946,0.3040013909339905,0.3052447438240051,0.35408255457878113,0.014960648491978645,0.011295240372419357,DnCNN,Spine_SP7_S82030_eT2W_TSE_DRIVE_HR_20260305081552_602_i00022_preprocessed.npz
21.983609616416302,0.34638460625332596,0.006333430763334036,0.07958285470711664,0.9511955380439758,0.9496196508407593,7.074095628922805e-05,0.8515569567680359,2.0309853553771973,2.918917655944824,49.275177001953125,0.059016406536102295,3.2531220580199705,3.560778214514442,0.16070111095905304,0.2986138164997101,0.11052757501602173,0.13255387544631958,0.11970002204179764,0.14258500933647156,0.31373727321624756,8.674486161908135e-05,DnCNN,Brain_BraTS20_Training_004_T1_preprocessed.npz
21.511738484130866,0.7620862200568914,0.007060348987579346,0.08402588284320103,0.9552533030509949,0.9519003033638,0.0001484692475060001,0.7244468331336975,4.116255760192871,4.923609733581543,21.75242042541504,0.09633497893810272,7.085586586231408,7.143439290137413,0.2282993346452713,0.2328367680311203,0.3066219091415405,0.3730950355529785,0.3218535780906677,0.3759414255619049,0.0,0.0009025420295074582,DnCNN,Spine_SP3_S82021_eT2W_TSE_DRIVE_HR_20260303142846_602_i00034_preprocessed.npz
23.570750563666248,0.37732211796587706,0.004394656978547573,0.06629220903354763,0.9055807590484619,0.9173029065132141,0.00011932408233406022,0.8609238266944885,2.136183500289917,2.487361192703247,47.670074462890625,0.05300901085138321,3.007062634724568,3.4309526055861594,0.1431722491979599,0.2032538652420044,0.08817878365516663,0.12590111792087555,0.11031105369329453,0.1471095085144043,0.17372633516788483,6.331336771836504e-05,DnCNN,Brain_BraTS20_Training_030_T2_preprocessed.npz
26.762933888039466,0.41521579115897417,0.002107204170897603,0.0459042935998105,0.9718557000160217,0.9420052766799927,0.00010276898683514446,0.9115197062492371,2.2190680503845215,2.8691368103027344,47.87574005126953,0.04538148269057274,3.316192694955305,3.7034730130727462,0.19904109835624695,0.2259616255760193,0.12871450185775757,0.16848820447921753,0.139617919921875,0.17393328249454498,0.22747275233268738,6.795272201998159e-05,DnCNN,Brain_BraTS20_Training_028_T2_preprocessed.npz
25.018037841417367,0.4021093291462064,0.003149170894175768,0.056117474053771946,0.9257829189300537,0.927573561668396,0.00010728390043368563,0.9098502397537231,2.3322629928588867,2.609058141708374,46.987342834472656,0.048780471086502075,3.1409713466063653,4.114444578881057,0.14638733863830566,0.19439437985420227,0.12203960120677948,0.15933777391910553,0.1274123340845108,0.16370895504951477,0.1710108369588852,6.871213554404676e-05,DnCNN,Brain_BraTS20_Training_012_T2_preprocessed.npz
23.627162429237657,0.3854666913511753,0.004337942227721214,0.06586305662297502,0.9070925712585449,0.8828105330467224,0.0001256294926861301,0.9117504358291626,1.6339935064315796,2.2035086154937744,55.91166305541992,0.05114012211561203,3.064384296251468,3.448841919004472,0.15331023931503296,0.1990814059972763,0.05337722599506378,0.08422082662582397,0.0840252935886383,0.12081050872802734,0.1733524203300476,6.617982580792159e-05,DnCNN,Brain_BraTS20_Training_004_T2_preprocessed.npz
23.49201608901541,0.41292468667769433,0.0044750552624464035,0.0668958538509406,0.8795590996742249,0.9207814335823059,0.00013250918709672987,0.8386781215667725,2.1701290607452393,2.3360471725463867,46.670387268066406,0.05195934697985649,2.8406703809664307,3.1915533299906116,0.09330623596906662,0.18768544495105743,0.07177440822124481,0.1126316487789154,0.10275095701217651,0.13976232707500458,0.14466150104999542,4.875325248576701e-05,DnCNN,Brain_BraTS20_Training_005_FLAIR_preprocessed.npz
21.20754643717408,0.7338163088225126,0.007572606205940247,0.08702072285346892,0.9214317202568054,0.909726619720459,0.00018330298189539462,0.7402612566947937,3.108250856399536,3.774831771850586,27.225379943847656,0.09521622955799103,6.197891839594674,6.647784139518312,0.18002121150493622,0.20095372200012207,0.11775156855583191,0.1892080307006836,0.20513033866882324,0.27700570225715637,0.19149509072303772,0.00026145519223064184,DnCNN,Spine_SP2_S82020_eeSTIR_TSE_COR_20260303133117_302_preprocessed.npz
22.87448890521318,0.408819077827394,0.005158828571438789,0.07182498570441062,0.863440752029419,0.911054253578186,0.00012650761345867068,0.8357830047607422,2.102480173110962,2.2606608867645264,47.167396545410156,0.0548122301697731,3.016314266281357,3.6014785383204098,0.10124050825834274,0.18281863629817963,0.06226109713315964,0.09934093058109283,0.0978933647274971,0.13465705513954163,0.14116433262825012,4.880157939624041e-05,DnCNN,Brain_BraTS20_Training_012_FLAIR_preprocessed.npz
21.971128087057995,0.5372125627758503,0.006351660005748272,0.0796973023743481,0.8364629149436951,0.9019936919212341,0.00026925906422547996,0.7778376340866089,3.445876121520996,3.3573570251464844,30.854602813720703,0.07321474701166153,3.955828020061194,4.294174404376255,0.17874962091445923,0.1914939135313034,0.17412838339805603,0.26169854402542114,0.17569471895694733,0.23998913168907166,0.1501690149307251,6.510144885396585e-05,DnCNN,Spine_SP7_S82030_eT2W_TSE_20260305081552_303_preprocessed.npz
22.53415833599454,0.4439054564086199,0.005579357035458088,0.07469509378438512,0.9093868732452393,0.9058146476745605,0.00018251051369588822,0.8381533622741699,2.1803860664367676,2.6598551273345947,45.2319450378418,0.06003293767571449,3.2043816831887493,3.6317035980855845,0.12718647718429565,0.22695761919021606,0.0681629478931427,0.12239554524421692,0.10720255970954895,0.15250706672668457,0.18456947803497314,6.849673809483647e-05,DnCNN,Brain_BraTS20_Training_014_FLAIR_preprocessed.npz
22.418823893067625,0.3091487633381486,0.005729511380195618,0.07569353592081439,0.8629639744758606,0.934624195098877,7.112974708434194e-05,0.846500813961029,2.110858917236328,2.2757394313812256,49.4387321472168,0.05654887109994888,2.879868208654917,3.384753873349118,0.1309184432029724,0.18765729665756226,0.08738820254802704,0.11064045876264572,0.10726147890090942,0.13374543190002441,0.1698775291442871,4.4167751184431836e-05,DnCNN,Brain_BraTS20_Training_018_T2_preprocessed.npz
25.91653603003909,0.34398045236128566,0.0025606274139136076,0.05060264236098356,0.9376665949821472,0.9401910901069641,5.2265284466557205e-05,0.8031362891197205,1.8273619413375854,2.0732452869415283,54.21323013305664,0.03929679095745087,2.683020555257413,3.140340972958227,0.11189904808998108,0.20363624393939972,0.06883507966995239,0.08091564476490021,0.08762448281049728,0.1055067777633667,0.18421100080013275,4.9955895519815385e-05,DnCNN,Brain_BraTS20_Training_029_T1CE_preprocessed.npz
24.01263613591312,0.9209725469665527,0.003969505429267883,0.06300401121569867,0.9490894079208374,0.9436981081962585,9.060475713340566e-05,0.8268874287605286,2.7771291732788086,4.026044845581055,32.08024597167969,0.08027009665966034,7.2444930359108435,7.2554860302021,0.20206201076507568,0.18478351831436157,0.1695408821105957,0.20851409435272217,0.2620808184146881,0.3102092146873474,0.02360346168279648,0.03223458305001259,DnCNN,Spine_SP12_S82031_eT1W_TSE_CLEAR_20260305090906_802_i00010a_preprocessed.npz
21.172364898055314,0.8619904472727775,0.0076341996900737286,0.08737390737556452,0.9497863054275513,0.9185017943382263,0.00018729580915533006,0.7295088768005371,3.282771587371826,4.517880439758301,26.677865982055664,0.10658678412437439,7.292174172827161,7.350165453827281,0.21170344948768616,0.21596643328666687,0.18145515024662018,0.2675980031490326,0.2675424814224243,0.3438026010990143,0.0136090237647295,0.01682649366557598,DnCNN,Spine_SP12_S82031_eT2W_TSE_DRIVE_HR_20260305090906_702_i00010_preprocessed.npz
22.35990055589284,0.36721422965955736,0.005807776935398579,0.07620877203707313,0.8778655529022217,0.8832535147666931,0.00015124450146686286,0.8704754114151001,1.749422550201416,2.2133636474609375,52.7765998840332,0.056575335562229156,2.99868498992657,4.00577251229834,0.14657102525234222,0.20326653122901917,0.046774722635746,0.08402527868747711,0.08154285699129105,0.11970344185829163,0.16968384385108948,5.306536695570685e-05,DnCNN,Brain_BraTS20_Training_004_FLAIR_preprocessed.npz
25.470069575569653,0.3827808650684953,0.0028378735296428204,0.05327169538922917,0.9743038415908813,0.9414926171302795,0.00011372400331310928,0.864903450012207,1.9788846969604492,3.1229710578918457,48.80477523803711,0.05090944841504097,3.332797149991368,3.6460625428488878,0.15931381285190582,0.29669466614723206,0.09761014580726624,0.1357956826686859,0.12979133427143097,0.16395017504692078,0.2881329655647278,5.763292210758664e-05,DnCNN,Brain_BraTS20_Training_015_T1_preprocessed.npz
